pair,locus,K,theta1,theta2,r_e,cf_slope,cf_intercept,p_gate_joint
P4,3,189,0.148522734558146,0.306831393046587,0.02756,0.7898014875984496,0.011961227372074628,0.3361358341477079
P4,10,261,0.157731177910934,0.240141438965071,0.02756,0.8296337104450137,0.010482998734155667,0.42344489723036854
P4,190,305,0.0463513332135739,0.33556203509209,0.02756,0.5623497023694766,0.014986314637227261,0.1396883926857334
P4,224,366,0.0500604927778245,0.129924844192019,0.02756,0.5165338283161405,0.026005953956023013,0.08639677526482871
P4,232,319,0.046349152568261,0.129375352532617,0.02756,0.47729512325602147,0.028053125704522362,0.0686725479583431
P4,354,126,0.103779679673862,0.140820059055574,0.02756,0.5105798299302152,0.029979086378875693,0.059176745356323134
P4,369,195,0.190350005963255,0.586266872354187,0.02756,0.8818520601064928,0.005081781194642272,0.547230930320156
P4,383,584,0.1039620797188,0.179756939803765,0.02756,0.8349717551332424,0.009099878266895262,0.468011452065066
P4,466,423,0.194587858954891,0.454158015253442,0.02756,0.9603893180153719,0.0017787780647308573,0.8345639819890043
P4,667,234,0.0711537398834298,0.128650073737763,0.02756,0.5162998244954811,0.02817226954635914,0.0729597651605655
P4,698,424,0.0603858206642543,0.16321496442867,0.02756,0.6206578693529378,0.019423117463140408,0.15943591080013972
P4,712,146,0.0463523935886437,0.357520537427849,0.02756,0.4841959919843148,0.020556161355548244,0.09163285820631807
P4,751,246,0.046354473912475,0.16901193259906,0.02756,0.47606574438965704,0.026746593333957472,0.07198065224353822
P4,781,418,0.0912743752842091,0.129538385288059,0.02756,0.6823393534424891,0.018935275226537308,0.20179368614295284
P4,848,182,0.0706475477570007,0.668720756216221,0.02756,0.6198657635387681,0.011098696646617631,0.16680943823747832
P4,852,350,0.0657045630470269,0.38333905017696,0.02756,0.6694820445702002,0.011120027023453114,0.21715877303222808
P4,917,396,0.0463653587330179,0.282603112965309,0.02756,0.5881452925001611,0.014693864770991681,0.15672943413627477
P4,942,133,0.0621836193157562,0.43695474944089,0.02756,0.5508773024089733,0.0174264856173554,0.11907047505815806
P4,1064,239,0.116917352394963,0.202479019257354,0.02756,0.7142906852917589,0.016994872465552507,0.22722023246371215
P4,1165,315,0.04635171416248,0.337387143633092,0.02756,0.5660238139171546,0.014696606516310138,0.14226556560545872
P4,1169,351,0.0463608702900442,0.260194134571443,0.02756,0.5697057626892712,0.016650980100920285,0.14143535186163816
P4,1193,318,0.046359522489839,0.263622655666682,0.02756,0.5577222540002671,0.017398489091956595,0.13282424070360382
P4,1233,280,0.0497608324329886,0.391553930366922,0.02756,0.5731677153896443,0.01385563235233582,0.145360248597654
P4,1245,214,0.0868299917572652,0.287639058541084,0.02756,0.6657138947804155,0.01615487259335395,0.19094412890884835
P4,1249,331,0.0672239094643332,0.287358367543628,0.02756,0.6621202654947077,0.013741275851924778,0.20580492026102748
P4,1336,202,0.127071395197214,0.165659785632123,0.02756,0.6653120538142978,0.02086668359607849,0.16283432468352044
P4,1342,110,0.193229262356761,0.171911202752993,0.02756,0.6512358263865149,0.022680890989935112,0.13115953801140695
P4,1545,256,0.16793301954091,0.696995188692988,0.02756,0.8822056875035166,0.004221586362619362,0.5599087674643045
P4,1573,301,0.0463553597303474,0.191898336508664,0.02756,0.5217852965050733,0.022629293998614276,0.10075393049626381
P4,1602,381,0.0584632325030561,0.212751362747471,0.02756,0.6252795272402847,0.017024150204360797,0.17138286551613643
P4,1664,39,0.0463490796903909,0.537913903547233,0.02756,0.390288975024004,0.026791059835035207,0.04978504044862421
P4,1689,199,0.0490347091457012,0.320946056457017,0.02756,0.5248861040982609,0.01889643437995901,0.11093852531024638
P4,1720,274,0.046354672344744,0.233417317944111,0.02756,0.5286066575310925,0.02060762577061613,0.10978161673604671
P4,1818,139,0.0463494754290321,0.192767725064503,0.02756,0.41649241954951527,0.030373305518845182,0.04777994490623784
P4,1850,251,0.0463517221242328,0.394151205652099,0.02756,0.5448877352146838,0.01485107067583459,0.1296497764032073
P4,1921,166,0.108674490417491,0.327781909696835,0.02756,0.6966959822556473,0.015398097606398268,0.21159762797420262
P4,2073,344,0.0463647434479125,0.167186138195807,0.02756,0.5254023892538271,0.02333318075599097,0.1000426190441015
P4,2081,404,0.0463603061561819,0.29927903367132,0.02756,0.5918850426870033,0.013997550492463423,0.16016531185201235
P4,2113,207,0.0914717357645482,0.380967499806819,0.02756,0.6934349308333151,0.012843387114456163,0.2243285982143819
P4,2117,389,0.143272993662809,0.443630896224679,0.02756,0.8912181947425358,0.004328624542476889,0.6004168213372911
P4,2222,436,0.0981310254022627,0.176914966340279,0.02756,0.7635325869060618,0.013316480846139121,0.3198857198726527
P4,2328,162,0.0463541927234685,0.29882893745814,0.02756,0.4827324499761206,0.02220908497261908,0.08697679773744112
P4,2370,369,0.070576716996633,0.12985508770955,0.02756,0.5964399538797872,0.023082169146766078,0.1263849474700643
P4,2400,308,0.0463765865879553,0.216887911260009,0.02756,0.5382520040545313,0.020491338577307006,0.11460161614546759
P4,2411,222,0.0463538174187949,0.253636351931727,0.02756,0.5078754140857445,0.02152005796449362,0.09833196816213102
P4,2446,225,0.0658050757480766,0.302318577758738,0.02756,0.6068017599136775,0.016911812846062312,0.1530292135675749
P1,34,274,0.128500780448603,0.393235583029953,0.21388,0.8210203030622686,0.06003876542251636,0.41810978070930754
P1,37,241,0.335818586258682,0.398518647940064,0.21388,0.9847753596772926,0.008483505496002297,0.9263089118852755
P1,42,192,0.129848348484159,0.401932622845577,0.21388,0.7779844947161912,0.07993045061277074,0.3264865956953484
P1,77,227,0.157357029578933,0.398078586216597,0.21388,0.8488839656825103,0.05673791189570727,0.4694767856087355
P1,95,359,0.128055737831994,0.397959562852777,0.21388,0.8537364699842867,0.0462716009053334,0.49976227565204967
P1,99,295,0.129200282026362,0.399539513057045,0.21388,0.831940131831369,0.05513530337638726,0.4435653393751396
P1,111,184,0.176161616570063,0.401600870848101,0.21388,0.8490481900313157,0.06188649677396785,0.4588595085650957
P1,118,224,0.128530773032075,0.397856800774297,0.21388,0.7953854414317642,0.07124376891997575,0.3620237648645035
P1,123,290,0.233980071400803,0.389922050387047,0.21388,0.9578513846846689,0.01855445321745081,0.8157722065328238
P1,137,317,0.235902958735251,0.398813174710227,0.21388,0.9662752900146598,0.014503964506043526,0.8517887501002153
P1,172,263,0.128137217923313,0.48018967434447,0.21388,0.817101234902198,0.0551572765990794,0.40955206399973354
P1,186,460,0.129502511135946,0.399375701624832,0.21388,0.8861158616231426,0.03482691836818615,0.591403353626046
P1,199,294,0.129508445464523,0.401550826986195,0.21388,0.8321949463730616,0.05497696339112015,0.44399265941648847
P1,228,283,0.293047956406353,0.401185328253254,0.21388,0.9828469235656414,0.008577783032361272,0.9200587631290378
P1,275,451,0.208211450782676,0.401874118307425,0.21388,0.9740055875801251,0.009958959656223827,0.8895607499808088
P1,336,266,0.483380322228383,0.397101825917662,0.21388,0.9973528577804646,0.0014829565427008267,0.9867684675731645
P1,345,302,0.156310590873325,0.54981673351028,0.21388,0.883503604043532,0.03461571231297554,0.5698688293047767
P1,347,368,0.381641276775687,0.390343515431249,0.21388,0.9989961242966018,0.0005940823928408487,0.9952213093920497
P1,362,181,0.278471854722419,0.513929700320182,0.21388,0.9487760214640468,0.022576384325647503,0.7653159801861683
P1,404,406,0.128386063133009,0.399651318819688,0.21388,0.8692257994426905,0.040537112187854586,0.542250681532848
P1,423,368,0.129488553915608,0.393830929422509,0.21388,0.8595363303767122,0.044701471543212544,0.5146002024951061
P1,436,354,0.129372250671809,0.398520136628964,0.21388,0.8546610891199847,0.046232307266401464,0.5014663743153513
P1,438,391,0.419038574442892,0.401026974035401,0.21388,0.9996998895147055,0.0001795109178717231,0.998565703724115
P1,482,393,0.456905145529333,0.690388160113677,0.21388,0.9999759701272398,1.218358785592677e-05,0.999882186017008
P1,502,105,0.132883233544097,0.512530179095888,0.21388,0.7174914161298328,0.10254205889993832,0.22471568781076526
P1,523,177,0.129469104504189,0.400180754065173,0.21388,0.7659936914581822,0.08602878845297564,0.30439430369830917
P1,527,200,0.12934226113243,0.399615820240816,0.21388,0.7821935424435666,0.07783245424821392,0.3349685129995556
P1,533,328,0.349311713031205,0.397687074430516,0.21388,0.9965833904253218,0.001922232305472237,0.9837243262180752
P1,603,676,0.167322987490629,0.394914852384891,0.21388,0.9725188249519919,0.009162444598415436,0.8891292061170192
P1,626,162,0.217871789006907,0.400486452785583,0.21388,0.8801739883473898,0.05542644378947011,0.5293887899114816
P1,640,319,0.129573213846885,0.398502887768584,0.21388,0.842340006284195,0.05109961483506656,0.46917949751184074
P1,652,407,0.128664474764696,0.397582117534488,0.21388,0.8700534629300132,0.04041031220469965,0.5444578989391997
P1,654,288,0.268062848927138,0.402276663845393,0.21388,0.9753362223114119,0.011573340176884118,0.8876341773998808
P1,657,218,0.145540675871391,0.397872921750768,0.21388,0.8239793401419402,0.06464542749460615,0.4138835547267349
P1,694,254,0.236307905747425,0.410435288751402,0.21388,0.9486913420055656,0.02245391223774666,0.7762497811792824
P1,703,187,0.210926185699537,0.399446766636685,0.21388,0.8920088314691245,0.04800169309778565,0.5712909320778368
P1,719,166,0.129850513971977,0.401352421925453,0.21388,0.7580963754287213,0.09021999077202837,0.2900323624803861
P1,720,135,0.129657685079267,0.402016493743245,0.21388,0.7288417324486157,0.1058475624644066,0.24217796907193487
P1,731,299,0.182728013818702,0.398059316254548,0.21388,0.9163580711044054,0.031754852682095325,0.6676929425437508
P1,773,356,0.322205852094578,0.399190176502815,0.21388,0.9959256762713565,0.002142353818214546,0.9810168155330178
P1,807,303,0.220812132241846,0.38708738821008,0.21388,0.9525459743374339,0.020165531791488864,0.7962738260891326
P1,838,270,0.282576525347953,0.399085839251295,0.21388,0.9766900861170493,0.011481486062475201,0.8922204452960372
P1,852,379,0.389224767736422,0.390304813122808,0.21388,0.9992787806100616,0.0004287420500218472,0.9965711703760778
P1,856,252,0.193791488222539,0.406176934374052,0.21388,0.9102892561921043,0.03570379968406611,0.6415695728000343
P1,859,155,0.231462447570461,0.39655197945482,0.21388,0.8862703373751424,0.05474812844651584,0.5434620193632668
P1,923,432,0.333368780795967,0.398262821218748,0.21388,0.9989267838819614,0.000573294149189241,0.9950884952683079
P1,951,90,2.69246527027585,1.3662532287836,0.21388,0.9999996735680267,2.3536702288073418e-07,0.999997101310088
P1,987,246,0.225989272558471,0.405520894415462,0.21388,0.9377389378416066,0.02694708404456426,0.7341182150919253
P1,997,140,0.436781761110931,0.418657228967198,0.21388,0.9703435084940076,0.01807185981332725,0.8469297278067877
P1,1003,312,0.201088156036868,0.396640727306049,0.21388,0.939482164780566,0.023970058272688378,0.7484587775359036
P1,1033,171,0.129563632932679,0.42727557844211,0.21388,0.7646409921858427,0.08380189925407638,0.3022636168977176
P1,1067,530,0.166880349525035,0.393278322113702,0.21388,0.9538979480848842,0.01566840117167465,0.8145412330741247
P1,1077,133,0.130157052365528,0.403927758658304,0.21388,0.7280648639549147,0.10635604684657106,0.24062704853668973
P1,1081,209,0.306450806360634,0.400208819098713,0.21388,0.9672277159966923,0.017465751399630768,0.8452107438314532
P1,1087,516,0.197161747965774,0.398608222947363,0.21388,0.9757293545054734,0.008965356674533274,0.898372814760131
P1,1101,249,0.379454134879529,0.395882850750794,0.21388,0.9921200402833374,0.004659306113304026,0.961025116269871
P1,1106,256,0.129885473612309,0.40243885898927,0.21388,0.8156212856260483,0.062122441883363605,0.4048701263536777
P1,1193,341,0.252066020098568,0.394924608619092,0.21388,0.9787564007201207,0.009484138468136796,0.9050864340350687
P1,1208,440,0.129048649225843,0.398158972936459,0.21388,0.8800424260515318,0.036909617510942884,0.5733600524569744
P1,1234,337,0.394602328010402,0.416724950844339,0.21388,0.9989678821758363,0.0006141481151870557,0.994994358589414
P1,1235,418,0.129371809047029,0.397781266134366,0.21388,0.874598930964481,0.03892039025886426,0.5571795205000093
P1,1250,403,0.130203597602905,0.397335174834706,0.21388,0.8718549265153713,0.0401088578893379,0.5487899135852042
P1,1285,124,0.310969864079214,0.385502357323064,0.21388,0.9082287929453259,0.05145693853534486,0.595662956866247
P1,1306,187,0.145133725254444,0.401860671889266,0.21388,0.8031435258955559,0.07433830759042033,0.366784728373595
P1,1338,245,0.271564440350476,0.399397602907544,0.21388,0.965250303379628,0.0169047519251851,0.8412987538342276
P1,1363,322,0.182516347614686,0.39579971627353,0.21388,0.9238877195028727,0.02861881820307236,0.6951522067122438
P1,1427,527,0.233741799403331,0.399688370253392,0.21388,0.991421403643839,0.0034995229988524193,0.9632137144277427
P1,1428,234,0.129319311997559,0.401825859464451,0.21388,0.8029467026059627,0.06766822815279568,0.3773854895793403
P1,1435,196,0.204346688441064,0.40121616872888,0.21388,0.8913675633375752,0.04700562591438342,0.5720346027805733
P1,1453,560,0.175869597515456,0.399096054132394,0.21388,0.9663411785133935,0.011610514426722451,0.8625823220377076
P1,1463,234,0.17015440389036,0.395534607400903,0.21388,0.8715070517208151,0.04974747057020916,0.5262928778251964
P1,1475,335,0.186282646050737,0.374503742358905,0.21388,0.9314345842551188,0.02675527397404043,0.7221153554795545
P1,1482,421,0.128542740456679,0.388370726181793,0.21388,0.8737987260746537,0.03952211373083738,0.5552992361310196
P1,1506,287,0.548875301839437,0.402590342514129,0.21388,0.9985723833281865,0.000740972573590443,0.9929249062994113
P1,1522,473,0.306690010673951,0.406624438812131,0.21388,0.9985658159858046,0.0007035413398924067,0.9935886072393385
P1,1554,470,0.129370729840899,0.397524472879421,0.21388,0.8883686135088735,0.03410918247604344,0.5983580704390876
P1,1612,303,0.12945445020321,0.383590323736833,0.21388,0.8352820770111061,0.0550986795357087,0.4515639411014878
P1,1642,197,0.368195292251271,0.397195277886907,0.21388,0.979404656997686,0.012077294762242235,0.897873883534828
P1,1660,44,1.07902747136039,0.949724926777985,0.21388,0.9917595710806428,0.006890865713610817,0.9346920098499983
P1,1662,28,0.611025356574042,0.431545031746876,0.21388,0.816192345176922,0.1159260345800218,0.254652034388867
P1,1679,313,0.221960182562306,0.390142424527897,0.21388,0.9562529697234498,0.018455375002180894,0.8115244954514848
P1,1683,223,0.128700388777899,0.391639757380168,0.21388,0.7946336145048083,0.07232131983317304,0.36030135059894197
P1,1688,272,0.206316688287254,0.399505521817249,0.21388,0.9307952655330558,0.028306974576154106,0.7129389725300186
P1,1714,278,0.27501157752485,0.399130162097136,0.21388,0.9757202707867015,0.01170172653363612,0.8885911115676585
P1,1716,383,0.155742867660521,0.421752473968163,0.21388,0.9086535685231955,0.030064242196392477,0.6517923466005999
P1,1718,362,0.169699320524056,0.50311724439692,0.21388,0.921403039215255,0.02472547254349273,0.6908060013294868
P1,1767,204,0.129381758158714,0.401264512315072,0.21388,0.7850711465829084,0.07625899437337201,0.3406042200729873
P1,1819,171,0.127957490692684,0.399372629937751,0.21388,0.7581093377105906,0.08939143525545848,0.29149530554452446
P1,1823,398,0.129050601896639,0.398733374081919,0.21388,0.8681423531335261,0.041126340338681705,0.5388105243998302
P1,1833,352,0.419209320757186,0.398152167034241,0.21388,0.9993015843343634,0.0004166606013226021,0.9966243007580062
P1,1864,146,0.26863055270142,0.39967511375482,0.21388,0.9081728940615774,0.04751562110491273,0.6064009992412318
P1,1871,206,0.312218965634306,0.389555214721231,0.21388,0.9668960711591337,0.01806322800976538,0.8432615473277238
P1,1884,237,0.399783851040609,0.388969723186186,0.21388,0.9915739360762876,0.0050177929747803425,0.9579788566511702
P1,1912,342,0.141527668414006,0.396634653227246,0.21388,0.8730513536077738,0.042196144208238626,0.5461711705029163
P1,1972,103,0.428494748034769,0.392254785692806,0.21388,0.9305335414524288,0.04167343880539689,0.6640432713348227
P1,2035,334,0.140500486905336,0.305900906494623,0.21388,0.8627512369732004,0.05354569232443208,0.5176405950114021
P1,2075,275,0.135166246984327,0.58944538281629,0.21388,0.8365329816756537,0.04491234249178682,0.4512243159080083
P1,2097,376,0.145108502664273,0.401322624377267,0.21388,0.8902040006267615,0.03609145046074576,0.5963437289240378
P1,2116,420,0.306691425890301,0.388468160700875,0.21388,0.9972191271221538,0.001414919533968333,0.9873781507926706
P1,2137,445,0.315486938718128,0.396549538087521,0.21388,0.998446108674461,0.0007945645577847712,0.992971523771259
P1,2142,388,0.272814783218757,0.398628125414791,0.21388,0.9908474668507163,0.004224582329810904,0.9588116086663879
P1,2198,489,0.147804114966955,0.39881359696806,0.21388,0.9231297680997912,0.02469775231196744,0.7052081077807052
P1,2222,478,0.187654578115504,0.387843085149096,0.21388,0.9641113715988585,0.013169458570699965,0.8512933676925417
P1,2291,213,0.146715976955695,0.400675009439251,0.21388,0.8232149643823572,0.06518655950725105,0.4113034589550948
P1,2304,332,0.128993399401755,0.392969877374755,0.21388,0.8459843544357442,0.04986787565346992,0.47886487577986764
P1,2361,376,0.128481056900835,0.394541504156126,0.21388,0.8601557362832756,0.044173361725999685,0.516870008283362
P1,2378,434,0.130800752429739,0.401401040640007,0.21388,0.8817580845127245,0.036494531710148964,0.5775791799295207
P1,2381,309,0.12927638497281,0.428630419353589,0.21388,0.8383230424890181,0.050562338372814146,0.45926447330788805
P1,2392,259,0.12929666774746,0.40032069003758,0.21388,0.8158114638505154,0.06199701172673612,0.4056859523339443
P1,2412,347,0.128298576495126,0.386552378277233,0.21388,0.8499035210433559,0.04856866916368348,0.48947925209625215
P1,2489,596,0.129722828142742,0.398771971209672,0.21388,0.9157921476812337,0.025004720809775394,0.6867904424271606
P2a,10,272,0.237152198505187,0.402317318699684,0.10897,0.9549715650705033,0.01007570242367196,0.8026904264361544
P2a,19,353,0.170772895516974,0.398157537297009,0.10897,0.9197495695730187,0.014637047920570374,0.6844858885361594
P2a,22,226,0.169955386416691,0.39894968006604,0.10897,0.8671042268246733,0.02625272256523143,0.5133711911268819
P2a,37,239,0.182393568148074,0.399133232473307,0.10897,0.8904511016988513,0.02206473298488276,0.5791748163499775
P2a,41,279,0.377636814263957,0.43097814275667,0.10897,0.996272328019206,0.0010917646741836007,0.9816579817811752
P2a,42,187,0.229743556607173,0.403046419428842,0.10897,0.9101586564597208,0.02109586048598201,0.6270824879472645
P2a,59,194,0.170713377036411,0.400888911331521,0.10897,0.848497461445115,0.030904322780217392,0.46053901679136866
P2a,77,224,0.471874889020066,0.398649382105885,0.10897,0.9940058320431158,0.0017626549858024239,0.969478162137975
P2a,97,350,0.260888182002717,0.395238774727042,0.10897,0.9833852212343674,0.003850897908669124,0.9252912445021033
P2a,125,333,0.169368024100174,0.396849755907265,0.10897,0.9117554805685265,0.01621020091543104,0.6567795789141183
P2a,224,387,0.206727212958858,0.399012409069325,0.10897,0.9625312607390472,0.007422757342550923,0.8410687748896409
P2a,267,522,0.170055012492636,0.481281845399267,0.10897,0.9557776377862744,0.00699262306298212,0.8212322247530841
P2a,278,264,0.166161306596806,0.399347661540453,0.10897,0.8809485453333299,0.022531646042754865,0.5570094385030724
P2a,377,288,0.397218511738964,0.397941568949904,0.10897,0.9968821193491344,0.0009496620016878937,0.9846635166564311
P2a,404,402,0.169079568099605,0.40016682751726,0.10897,0.930950111131856,0.0122805381947352,0.7259881539121729
P2a,417,336,0.169461354916603,0.395050295919776,0.10897,0.9128116137080577,0.016039350827741813,0.6604323648165586
P2a,421,328,0.167086510453278,0.393314268450544,0.10897,0.9070619054816816,0.017098658566020705,0.641547801105736
P2a,436,351,0.170672051889069,0.398933787411736,0.10897,0.919040362892761,0.014758609090882398,0.6819821923816387
P2a,450,459,0.169386318111954,0.398817292339747,0.10897,0.9439043943199632,0.009851459714567318,0.7749297060003009
P2a,456,269,0.170011894175193,0.405108331297005,0.10897,0.888761631319023,0.021000782095718325,0.5796289550001266
P2a,481,427,0.1707658619567,0.430871977746665,0.10897,0.9387791520382424,0.010451635061932559,0.754877795839699
P2a,514,147,0.168066514655095,0.386908360457915,0.10897,0.8031705721765036,0.04314645939216927,0.35131829404212805
P2a,517,183,0.210076152290813,0.400085004302252,0.10897,0.8884328651303869,0.025298324152840165,0.5597662125054074
P2a,518,300,0.170677215714874,0.398552136816438,0.10897,0.9019609413732115,0.018349392795911943,0.6226641736459764
P2a,541,259,0.229164007000123,0.400084403581669,0.10897,0.9448941925923783,0.012240013465210942,0.7623971872186721
P2a,545,247,0.170324096768081,0.400137855016563,0.10897,0.8787470403066182,0.023485551668781184,0.5480963118910263
P2a,597,202,0.312750880759477,0.394791242938241,0.10897,0.9661087450701966,0.009392859810002867,0.839346020055437
P2a,609,107,0.227054474076897,0.399700921701672,0.10897,0.8284304086435286,0.043671396614145756,0.3771230238164269
P2a,613,452,0.169776413806952,0.396326770684609,0.10897,0.9429139962281256,0.010085921093077738,0.7710050749366957
P2a,653,305,0.170534824975038,0.400714075486077,0.10897,0.9036874141845935,0.017908886846049393,0.6285504887680593
P2a,663,216,0.16986288307053,0.403927923866275,0.10897,0.8616202647869042,0.027382013083217315,0.49752594680581186
P2a,698,459,0.169773823428179,0.401804324513354,0.10897,0.9443280355430622,0.00975009063337098,0.7764537739377324
P2a,714,253,0.243301564500526,0.405314240900763,0.10897,0.9527299111082591,0.010811848642343953,0.7917303349779047
P2a,718,298,0.16780255626303,0.398573629661721,0.10897,0.8973813553278751,0.01908295909848818,0.6087001166018465
P2a,728,396,0.169813672069142,0.396039112530407,0.10897,0.9302988800919656,0.012515452217089851,0.7233251418743307
P2a,780,315,0.169942677259507,0.404286607390541,0.10897,0.906573011966794,0.017159746067665727,0.6386239979530419
P2a,789,436,0.224384353949541,0.40108506294822,0.10897,0.9803300808611478,0.004025076280462347,0.9150506944769222
P2a,790,417,0.170206230020286,0.396686183664965,0.10897,0.935810280041171,0.011454148231363738,0.7438104380310312
P2a,824,247,0.168832368601439,0.401445015903235,0.10897,0.8767536101519476,0.023731087266446113,0.5427640424216119
P2a,875,282,0.284868996161368,0.401065616608393,0.10897,0.9801507944500483,0.004963959013590298,0.9081102158924534
P2a,907,359,0.171358206214145,0.401532804831121,0.10897,0.9222553199612545,0.014100502433011053,0.6932896831213463
P2a,918,596,0.169435228003928,0.394499128029073,0.10897,0.9655165120145612,0.005950674662951218,0.8603857843537347
P2a,922,326,0.180140200090588,0.395185652177592,0.10897,0.9224803114655492,0.014741958424977638,0.6908614167318536
P2a,942,135,0.169893178871442,0.878885177658726,0.10897,0.8155335817837861,0.025950077349389436,0.3786701138519731
P2a,957,79,0.580440014049698,1.42250563210179,0.10897,0.9855336933564341,0.0032987540087534993,0.9106825569546685
P2a,990,158,0.229091002370047,0.404163978775533,0.10897,0.8881164468998776,0.02696478904475784,0.5503101665478046
P2a,1002,190,0.171249140743065,0.461075010466107,0.10897,0.8513072109127221,0.02794427477895442,0.467720101028557
P2a,1017,177,0.170488032874567,0.399258838294303,0.10897,0.8355166823324757,0.034295218088758433,0.4265451459686693
P2a,1019,164,0.170292363382927,0.40227924981336,0.10897,0.8250594125024038,0.036891383272277464,0.40055004568422486
P2a,1020,152,0.180189575351652,0.399104860104088,0.10897,0.8274030299648772,0.037997800482238595,0.40023357971720064
P2a,1031,124,0.367492076311222,0.40192087783984,0.10897,0.9374310008313148,0.01876253893497605,0.7009691177847801
P2a,1106,255,0.170173144198607,0.402590260118237,0.10897,0.882531050426767,0.02250941028845163,0.5598776716539345
P2a,1178,213,0.169285512198446,0.402264179189827,0.10897,0.8588638424550727,0.02804519274700805,0.4900213481286006
P2a,1183,250,0.170290771154102,0.40154537140876,0.10897,0.8802493255293746,0.02308393349078768,0.5527366699014691
P2a,1234,330,0.349604526456844,0.417961066509339,0.10897,0.9970218879950652,0.0008299655441626511,0.9858152314113919
P2a,1237,391,0.168105909025907,0.39502900455042,0.10897,0.9269785473199603,0.01308969999232207,0.7116829608030779
P2a,1244,483,0.200725513170991,0.428557866403002,0.10897,0.9738548204174694,0.004811350808253935,0.8899467285669205
P2a,1301,318,0.311184586287893,0.474885126470041,0.10897,0.9924357577302705,0.0017815136726342053,0.9645937255678119
P2a,1327,315,0.170344983326691,0.399866357971161,0.10897,0.9069999860478942,0.017210161737602883,0.6399249395974704
P2a,1367,363,0.18293054634801,0.394669856588057,0.10897,0.936295491996165,0.012017714240415806,0.7416271512753935
P2a,1384,201,0.17059431266471,0.402196469059183,0.10897,0.8531657592184578,0.02965078083350917,0.4733595452769273
P2a,1403,243,0.169464047728526,0.401507694725413,0.10897,0.8756397965624003,0.024063736774142256,0.5390511661300732
P2a,1412,496,0.168444629516931,0.396430350853531,0.10897,0.9498195236661539,0.00874745116625026,0.7981498076098877
P2a,1481,442,0.186983381167862,0.390616356104017,0.10897,0.9575314812173458,0.007954890015746098,0.8244864876872574
P2a,1504,346,0.169003125990802,0.401228695047374,0.10897,0.9154690128037954,0.015323571554945858,0.6699408604001864
P2a,1511,261,0.165557816128611,0.391482002101559,0.10897,0.8782944561773249,0.023338922233845868,0.5492010472240081
P2a,1541,171,0.480989319313305,0.403129438406689,0.10897,0.9849114611958854,0.004507468369333282,0.9216056825046928
P2a,1567,325,0.170270006341606,0.396965808720125,0.10897,0.9102684968383467,0.016586193526930217,0.6512365134598754
P2a,1588,290,0.168552480745245,0.402372981395561,0.10897,0.8953981548467005,0.019475717162713926,0.6018197093570814
P2a,1664,39,0.402536273680402,0.783422567957533,0.10897,0.8723808606389744,0.03723460732837751,0.4092784569005911
P2a,1671,338,0.168836816041128,0.462760329012494,0.10897,0.9131972546967677,0.014609666544475871,0.6619825055448993
P2a,1692,237,0.391405023452788,0.401275793099041,0.10897,0.9918978873212949,0.0024623397806659095,0.9595365351604911
P2a,1704,321,0.167886631089182,0.393804227965796,0.10897,0.9057392682727855,0.01742995836640006,0.6366912702778927
P2a,1706,208,0.253622668001194,0.396817407155498,0.10897,0.9397438004455827,0.014771996732706785,0.7348222375129858
P2a,1775,113,0.165837421322693,0.553335714220519,0.10897,0.7854523862706675,0.04025606564837833,0.31595610507175187
P2a,1786,270,0.204132133784515,0.44093519579894,0.10897,0.9292278540137725,0.013818163607887497,0.7074468736450907
P2a,1791,343,0.209835994521772,0.3994210098507,0.10897,0.9552736265513678,0.009063052868377981,0.8100874388151069
P2a,1852,593,0.282186296203629,0.397982123845179,0.10897,0.9990735471251997,0.00021871083289994343,0.9960123195258196
P2a,1854,233,0.169508885421358,0.399325014012665,0.10897,0.8703482280714925,0.025401188673118094,0.5231694492324253
P2a,1886,311,0.185962305273969,0.397242322828419,0.10897,0.9241115354073984,0.014722004023973678,0.6947246373669098
P2a,1887,383,0.169227479147518,0.422280936195476,0.10897,0.9264018099309572,0.012802537469595584,0.7091522249608679
P2a,1892,237,0.168254428519378,0.396060832164172,0.10897,0.8704784529161907,0.025334207051627054,0.5242440291146653
P2a,1918,216,0.171302327873097,0.398333182352927,0.10897,0.8631547227026561,0.027418513517595364,0.5011645397021236
P2a,1919,292,0.169790885865647,0.400295670257148,0.10897,0.8977802099717006,0.01913016036377108,0.6091005557281061
P2a,1954,209,0.383121691556694,0.394563118666212,0.10897,0.9849561977590416,0.004546772139616648,0.9248974745443987
P2a,1970,295,0.168865652603478,0.391297081574123,0.10897,0.8974111128582406,0.01938227602929477,0.6083374377734994
P2a,1984,220,0.168819889008159,0.39437150761623,0.10897,0.861664548807719,0.027608570049681588,0.4982849341090465
P2a,2019,472,0.170605000536023,0.398321046829638,0.10897,0.9477055404688073,0.00919554099902496,0.7893312720709725
P2a,2042,368,0.182342739184178,0.398585226185353,0.10897,0.9370398302090975,0.011770250392525269,0.744658065781071
P2a,2090,276,0.282808261803109,0.402960787312987,0.10897,0.9782838243025694,0.005402710805527623,0.8995825398710403
P2a,2098,509,0.170389363464537,0.400960135599662,0.10897,0.9539952009441122,0.00799931605927676,0.8140907719616638
P2a,2108,441,0.169654033877491,0.399468534038022,0.10897,0.9405065866827893,0.010492501703003667,0.7618103923194309
P2a,2196,277,0.200991238053166,0.401288193765913,0.10897,0.9276991431376905,0.014777748157735355,0.7028606781096615
P2a,2199,418,0.262802926823826,0.400049658681335,0.10897,0.9910581078452502,0.0020326210319327946,0.9602489344633713
P2a,2236,305,0.204653673173272,0.397112829407515,0.10897,0.9405229501989395,0.0121480140919495,0.7515265915351519
P2a,2246,404,0.16894047105927,0.394809750613709,0.10897,0.9312451078328223,0.0123047776533297,0.7271352326682735
P2a,2284,425,0.170763839528505,0.400646952389395,0.10897,0.9382684191017553,0.010950090486524008,0.7529423705840047
P2a,2341,283,0.169404756467308,0.394679606767737,0.10897,0.89345365436654,0.020209866028313195,0.5950984773806595
P2a,2356,375,0.168322889469972,0.39452161388037,0.10897,0.9229713717739205,0.013905428115751264,0.6970190431473996
P2a,2358,359,0.217575122528715,0.399848074145284,0.10897,0.9642876239701483,0.007334106107838593,0.8464555841148669
P2a,2368,298,0.170223755681876,0.39793651100699,0.10897,0.9005922303655036,0.01862289351823403,0.61827405086359
P2a,2377,167,0.168142403448285,0.403398967559506,0.10897,0.8246540597126168,0.03658406614200231,0.40091429561536884
P2a,2462,140,0.169839744722806,0.397842645381199,0.10897,0.8008261216933542,0.043598515930667395,0.34497300179124
P2a,2475,229,0.175160758449199,0.391610599891522,0.10897,0.875288761980618,0.025189526648665847,0.5350898795088536
P2a,2495,375,0.394057891780103,0.395202550668936,0.10897,0.9993365110773675,0.00020165800980614934,0.9968340920027366
P2b,10,272,0.169811440302981,0.343103108355656,0.11322,0.8851920042413426,0.02494979245586201,0.5689512142151382
P2b,19,353,0.234946995915407,0.338818356350111,0.11322,0.9711272944422306,0.007185782450595431,0.8736468147776159
P2b,22,226,0.141374912333628,0.339610160321527,0.11322,0.8139669593362308,0.0391445304337987,0.3931708831645748
P2b,37,239,0.141614271533769,0.339767602959707,0.11322,0.8225624539362038,0.03691065773530291,0.4129902509914948
P2b,41,279,0.332972321145077,0.460303814353654,0.11322,0.9920583003018628,0.002106822674154671,0.9618790095204451
P2b,42,187,0.314857817102282,0.343674338380462,0.11322,0.949560483863587,0.015072542666662248,0.7675279438370347
P2b,59,194,0.141583444342405,0.341459316235305,0.11322,0.7919197974036356,0.04505600358360578,0.34512285638349754
P2b,77,224,0.399370215301317,0.339354097360442,0.11322,0.981584289554653,0.0054819831852721285,0.9104569678870391
P2b,97,350,0.269893740346759,0.429412776245936,0.11322,0.9865087668414215,0.0031551387686460423,0.9389237820394962
P2b,125,333,0.141150281253178,0.337765613825306,0.11322,0.8668432559422403,0.02588644344446197,0.5285927652772153
P2b,224,387,0.14176228942064,0.339779996183502,0.11322,0.8867824872807614,0.02134810077694278,0.5874491190035308
P2b,267,522,0.141541552923114,0.565752092363466,0.11322,0.9207227266760702,0.011020963378628276,0.6991118402513825
P2b,278,264,0.141242441825199,0.339877969122413,0.11322,0.8360353288246015,0.0333468114224128,0.44606287607874945
P2b,377,288,0.258198673480542,0.338636267809671,0.11322,0.9665444061186774,0.009027702640666957,0.8503913280429543
P2b,417,336,0.141210137389708,0.335662275126263,0.11322,0.867947231401524,0.025731073746088375,0.5317261379371812
P2b,421,328,0.141118159838047,0.334036216453177,0.11322,0.8645289095393788,0.02660054286391071,0.5220650288153121
P2b,436,351,0.141239651255829,0.339491885903141,0.11322,0.8738207982981819,0.024204884082955506,0.548709616117008
P2b,456,269,0.179393815681409,0.563141492227313,0.11322,0.9026232192461899,0.016304483885270647,0.6208989958649224
P2b,481,427,0.141509480932019,0.529848412206062,0.11322,0.8988192328470428,0.014871998561487434,0.6255000363175276
P2b,517,183,0.143797362599994,0.340558892507859,0.11322,0.7867039739521579,0.04704756622930309,0.33291313330674754
P2b,541,259,0.200793678119879,0.34072174157307,0.11322,0.9147378942601556,0.020331381317799442,0.6559489604292439
P2b,545,247,0.176154908071202,0.387024267286541,0.11322,0.8856779110859612,0.02385376425724829,0.5669194213698096
P2b,597,202,0.199130762294272,0.41864253339336,0.11322,0.8911475219572691,0.023831676866756902,0.5734391358407261
P2b,609,107,0.188039389486612,0.340679988962195,0.11322,0.7652848344314372,0.06103535953691848,0.2643550225583478
P2b,613,452,0.141077353548468,0.557254853431431,0.11322,0.9044367988782231,0.013585736809244879,0.6440384398282691
P2b,653,305,0.141569097899225,0.34145758022351,0.11322,0.8564163525187585,0.02826140092784811,0.4992377640678377
P2b,698,459,0.141498771955114,0.342697966305327,0.11322,0.9063643136204549,0.017071458973866672,0.6502893962889529
P2b,714,253,0.141898038295645,0.3458543914283,0.11322,0.8320749123899824,0.034154832732417935,0.4357932766674131
P2b,718,298,0.140663633252706,0.340538624139066,0.11322,0.8516351364146629,0.029318156120355227,0.48683409768687785
P2b,780,315,0.158609477349793,0.345086029598782,0.11322,0.8883479947699006,0.022767378388953506,0.5841750397530597
P2b,789,436,0.141577448283716,0.341634174947562,0.11322,0.9006104054868079,0.018299595213988478,0.6313530537698852
P2b,824,247,0.141548096056165,0.34202959088917,0.11322,0.8275176110839821,0.03547537290563449,0.42488898861657526
P2b,875,282,0.216044069846257,0.341871867033468,0.11322,0.938570688494077,0.014969367897647457,0.7414004322380863
P2b,918,596,0.141098405763063,0.335324746958453,0.11322,0.9335667888813075,0.011838356675088818,0.7449713909845201
P2b,922,326,0.197562600204437,0.543425347200038,0.11322,0.9411730539907054,0.010243970672868533,0.7560722737124413
P2b,942,135,0.141551489423837,0.991722496939392,0.11322,0.7692850616762189,0.029706799522109018,0.3034693323780597
P2b,957,79,0.476366009873855,2.00948135786201,0.11322,0.9674438418785036,0.005676128892284783,0.8153840284586331
P2b,990,158,0.204030698961454,0.344705957680553,0.11322,0.8488778482511857,0.03875620806787475,0.4450297563140419
P2b,1002,190,0.142299674877253,0.581426082517443,0.11322,0.8072428534732582,0.030636747667763944,0.37835819959215733
P2b,1020,152,0.169080617045717,0.339688904981524,0.11322,0.7972564805338078,0.04898984970352439,0.33841621208188954
P2b,1031,124,0.254135713365729,0.342758182175294,0.11322,0.8562667180342204,0.04066496955764395,0.4454230324163052
P2b,1106,255,0.141823977004721,0.343192853222031,0.11322,0.8326789858121791,0.03413215803360291,0.4373356671422159
P2b,1178,213,0.141691688162327,0.519316754726372,0.11322,0.8187880416521555,0.02991166011988279,0.4045725481512367
P2b,1183,250,0.141342715422195,0.34222703109042,0.11322,0.8288891883000294,0.03506907875470764,0.4283458816190952
P2b,1234,330,0.265533671750399,0.460162797709384,0.11322,0.9826530339855583,0.0038766281549868693,0.9214638466048773
P2b,1237,391,0.139849158289704,0.336383815653787,0.11322,0.8846327277411925,0.021719815212465996,0.5818030076260162
P2b,1244,483,0.140897781155483,0.525160546105213,0.11322,0.9114157651105191,0.012866410620281828,0.6674144904065893
P2b,1301,318,0.233435173963494,0.56693479017687,0.11322,0.96592295409885,0.006350366010396681,0.8505806942697643
P2b,1327,315,0.14160999333335,0.340540334114706,0.11322,0.8606509445364179,0.027294602683052418,0.5108908861276815
P2b,1367,363,0.141330091901858,0.335529481017803,0.11322,0.8779642232618355,0.02343521795163013,0.5609339651901338
P2b,1384,201,0.14155757880619,0.342873042372862,0.11322,0.7975431902008551,0.0434224043862163,0.35692407811435983
P2b,1412,496,0.141269615790777,0.337785260517435,0.11322,0.9145556183269824,0.015520636855744742,0.6779749627625696
P2b,1481,442,0.197781048798699,0.331529112036592,0.11322,0.9651456795644259,0.007694664191772345,0.8538679946108572
P2b,1504,346,0.141538008609313,0.341978224727237,0.11322,0.8726778054107132,0.024403271508042577,0.5451959427468298
P2b,1541,171,0.288719398576912,0.344199326811994,0.11322,0.9270959971205247,0.02123964447381551,0.6781950623340813
P2b,1588,290,0.141628112201712,0.343115670510657,0.11322,0.8499640621044282,0.029760189951205097,0.4818015133401771
P2b,1664,39,0.30755256814484,0.680053737953185,0.11322,0.8078749218090464,0.0544364655538384,0.27549440617401527
P2b,1692,237,0.211127263087551,0.451440728965739,0.11322,0.9229751839592738,0.016020481928034166,0.6811020226513946
P2b,1706,208,0.141650883244765,0.467813555506365,0.11322,0.8149134844997642,0.03257976860354672,0.3956187381953479
P2b,1775,113,0.14825183285881,0.62289348729532,0.11322,0.7605520638510906,0.041666016708420364,0.2825285426434421
P2b,1786,270,0.141622218927007,0.44227824581321,0.11322,0.8457023834523862,0.026629617368105384,0.4705426041457675
P2b,1791,343,0.141464829578657,0.470469215220298,0.11322,0.873757430199213,0.020271541496962933,0.5482658149581924
P2b,1852,593,0.172118729077949,0.338653457308842,0.11322,0.9673189242577722,0.0063934429913473,0.8672289906646103
P2b,1886,311,0.140821696813699,0.337909105293604,0.11322,0.857347938041454,0.02808880827809207,0.5022291093942476
P2b,1887,383,0.140928860434432,0.483080944806103,0.11322,0.8855382229881611,0.01783560457001322,0.5839113517450581
P2b,1919,292,0.141621407021341,0.341001645040255,0.11322,0.8506593070439059,0.029694871095913036,0.4836659482170919
P2b,1954,209,0.206312283172638,0.335687526455765,0.11322,0.8907388141662727,0.02749395408690707,0.5711497730279105
P2b,1970,295,0.1594660029418,0.33213678546171,0.11322,0.8799186470524554,0.02548488251513892,0.5577523662074478
P2b,1984,220,0.157302295240686,0.335104910182385,0.11322,0.8358267455438967,0.03651989763988863,0.4358069091395884
P2b,2042,368,0.184918172427212,0.339421866077047,0.11322,0.9381056794634557,0.01334289301295729,0.7482753583298383
P2b,2077,171,0.141746548263518,0.344637896927897,0.11322,0.7736542056781083,0.04998682198350154,0.3087835936474463
P2b,2081,409,0.141556050333628,0.341074428247077,0.11322,0.89309648051638,0.019906967700802553,0.6072699819600694
P2b,2090,276,0.141509510720596,0.394214918418366,0.11322,0.8468449505705085,0.02814209486695726,0.47356609056228294
P2b,2098,509,0.140251472553025,0.341578730931265,0.11322,0.9158260883147935,0.015095936412919023,0.6827188531702372
P2b,2108,441,0.141438116835064,0.340306230797747,0.11322,0.9016664976385544,0.018105602297855402,0.6348595390799419
P2b,2196,277,0.208534436745727,0.34198785522224,0.11322,0.9302258936130972,0.016733092931331673,0.7110006291600103
P2b,2199,418,0.141389843107329,0.340871997750179,0.11322,0.8953790351015902,0.01940821085704046,0.6145959288338765
P2b,2236,305,0.139930251296233,0.337805418419726,0.11322,0.8531580744149603,0.028961843441611627,0.4913588880160761
P2b,2246,404,0.140102497520643,0.336935450302223,0.11322,0.8890456533168085,0.02076381395852382,0.5952787637316641
P2b,2284,425,0.141816263204897,0.341291897913538,0.11322,0.8980347383494204,0.018875135652459258,0.6229100561983193
P2b,2341,283,0.140806801181401,0.335302610738629,0.11322,0.8443011241524258,0.03142713805781803,0.4674367124357321
P2b,2356,375,0.140691984885033,0.335463843915326,0.11322,0.8809093860619929,0.0226887206555403,0.570086692096271
P2b,2358,359,0.186121284489045,0.340439996005431,0.11322,0.9368493045156876,0.013690156910755008,0.7430860550372721
P2b,2368,298,0.141554051393707,0.338724003589899,0.11322,0.8530369322694392,0.029215236583057014,0.4900897990200006
P2b,2377,167,0.141006791028282,0.344004601172684,0.11322,0.7684986518310245,0.051303331079709504,0.2996202444775591
P2b,2462,140,0.141435086476373,0.338596008537058,0.11322,0.7398645253842709,0.059902918133514574,0.2495703904702923
P2b,2475,229,0.140659984348947,0.33278033968358,0.11322,0.8133025375279107,0.039578556085799556,0.39212558201305986
P2b,2495,375,0.32064767702869,0.335852533032124,0.11322,0.9950094532889189,0.0014929824824984174,0.976998486643834
P3,13,173,0.124809900701157,0.288382314000574,0.23722,0.7242740569117646,0.1325846055548021,0.23668693269883195
P3,124,172,0.0714231769541075,0.407352002482589,0.23722,0.6099112214921528,0.13171090373522776,0.15496838713911176
P3,169,268,0.0463585131499157,0.219139707410296,0.23722,0.5194295358299561,0.18767599431920862,0.10227311233737736
P3,374,312,0.0463541569021553,0.219808184470869,0.23722,0.5412452511209147,0.17349892766604594,0.11703285712182884
P3,403,199,0.0558019560056364,0.219878204235589,0.23722,0.5186727584427213,0.20538522060368902,0.09093598215127735
P3,436,293,0.0797119386507002,0.315390955655563,0.23722,0.6951362022645812,0.10897814512440061,0.23482765522075277
P3,477,280,0.0463596347386747,0.219347925184508,0.23722,0.5257144911249606,0.18356809995509443,0.10639750243128802
P3,559,81,0.0652222487335504,0.549521946561914,0.23722,0.5226151395919525,0.16089827605451695,0.10020122784268512
P3,560,190,0.125517805262195,0.252057396079948,0.23722,0.7238305735556241,0.1381694934116368,0.23523041573147793
P3,587,116,0.193624510804565,0.399086398556791,0.23722,0.8043217589018333,0.10109741691718194,0.3379175820334552
P3,613,331,0.0463506962032775,0.218331074027084,0.23722,0.5490411266232842,0.16904717630105923,0.12242531658000451
P3,628,122,0.181193660639366,0.252679268021007,0.23722,0.7317697017230582,0.15088156154016671,0.21826216129625434
P3,728,316,0.0463537576165339,0.260361496634265,0.23722,0.556126486794311,0.15168207999545755,0.13142957621270854
P3,741,240,0.0463596100461425,0.623808513473753,0.23722,0.5427809288115837,0.10157421816611276,0.12945630328645794
P3,848,138,0.0463536767769615,1.16203216924478,0.23722,0.4968485438286912,0.0917092728298354,0.10596706501530437
P3,853,302,0.0463491255367438,0.215912396889063,0.23722,0.5348619944536536,0.17878179278401818,0.1121948407843335
P3,854,289,0.0742100376707131,0.220961994638753,0.23722,0.6457095299840412,0.15247140949490648,0.17641033277891816
P3,886,167,0.138276139491282,0.219687673281774,0.23722,0.7019404437390838,0.15910636954267876,0.19775081031440198
P3,909,282,0.0463536943602392,0.455193441521176,0.23722,0.557602160347367,0.1117775159909117,0.1381126790308833
P3,918,479,0.0861743388536336,0.21775472529957,0.23722,0.7686724061585869,0.09558453630929821,0.3391159714514836
P3,1103,271,0.15627074928405,0.218569177026737,0.23722,0.8204119461148797,0.0968850597353139,0.4036705069642668
P3,1117,440,0.117270932191626,0.271151645171507,0.23722,0.8507330922829346,0.06126369618789204,0.49840672784304435
P3,1162,343,0.0463634705033828,0.264886859574098,0.23722,0.5677011912115362,0.14321829316618728,0.14024788492468357
P3,1184,118,0.0463513815243543,0.277439522156661,0.23722,0.4383443667323308,0.22812052162972843,0.062215902338188966
P3,1238,320,0.046358203945838,0.21802842113856,0.23722,0.544120384349429,0.17225937382319867,0.11886363974813739
P3,1324,390,0.0463633119628547,0.459100090242665,0.23722,0.5905630982294433,0.09674474250865533,0.16026359408485258
P3,1371,216,0.0747754534519736,0.27469129337269,0.23722,0.6248356800697726,0.15304130269529975,0.15859605774152327
P3,1392,153,0.0463491054336883,0.385159721690172,0.23722,0.4934838675636585,0.16423858824717155,0.09848958143142592
P3,1465,338,0.0463547255122756,0.226723738192058,0.23722,0.5552792019808005,0.1624422296076209,0.12783747095410664
P3,1525,50,0.0712600255058613,0.22124699217438,0.23722,0.3944743606725076,0.30128241922251203,0.028536871039639183
P3,1530,232,0.0607106735112743,0.219731352231583,0.23722,0.5606504437543648,0.1867442677385299,0.11420148515690151
P3,1578,101,0.0463515093865413,0.305264584351645,0.23722,0.43036666834784143,0.22843440339730808,0.060102011772241656
P3,1600,260,0.0463548761210217,0.304578389754731,0.23722,0.5406488692427687,0.1496827835041,0.12359838881586918
P3,1657,277,0.0495939767752895,0.532224020438457,0.23722,0.5725554433014723,0.10160717995792556,0.14568619147489265
P3,1662,8,0.281352935267447,1.27823604302214,0.23722,0.6985266440696377,0.18996933544349343,0.08588410676276649
P3,1722,321,0.151931035851125,0.219689120060966,0.23722,0.8454943525713462,0.08179788910908148,0.4683295853602952
P3,1807,158,0.0463531105885776,0.654494080256431,0.23722,0.507072581459452,0.11656327655664513,0.11066536100877689
P3,1830,305,0.0463561910178696,0.216559359687974,0.23722,0.5366032212342271,0.17748470810869318,0.11345229259474458
P3,1884,161,0.144101738332839,0.326940987236083,0.23722,0.7630456403706433,0.11434029610550454,0.2873413301724481
P3,1899,178,0.0733066616787298,0.220138580269597,0.23722,0.5635613401896807,0.20041710405515342,0.10449935085897072
P3,1907,219,0.120384016009047,0.302176062865604,0.23722,0.758677919123728,0.10792983589705962,0.29653295940063756
P3,1967,135,0.140301096436628,0.219328368043965,0.23722,0.6667199917844365,0.17974791081649585,0.15455606528051785
P3,1979,214,0.236379604269609,0.348906320369321,0.23722,0.9235030370019951,0.04203364956302641,0.6768097778026348
P3,2079,197,0.0463544882367831,0.457214244412586,0.23722,0.5236301915481634,0.13021104735495964,0.11809429193887944
P3,2129,43,0.127081203593238,0.21916125619402,0.23722,0.4776088159577677,0.28331604878668415,0.03760416947837377
P3,2222,358,0.0976736229287204,0.287126436752113,0.23722,0.7745030403421249,0.08715529367738956,0.3424595220614476
P3,2246,293,0.0463594840142062,0.367684123298651,0.23722,0.5597990985401012,0.12409579414136594,0.1387127541385727
P3,2260,109,0.12566767955723,0.298501067757587,0.23722,0.654685846004168,0.1734421639593162,0.14807164659955355
P3,2372,243,0.168007660073752,0.236132465911673,0.23722,0.828925064065917,0.09316451932910538,0.41733217582061505
P5,32,215,0.0804995927073295,0.0463490849412092,0.09454,0.3517984993975502,0.1279158615119281,0.025789325457834383
P5,39,231,0.199925802284724,0.22226167735187,0.09454,0.8470600449124079,0.034851820547125406,0.4546743739187067
P5,42,159,0.230604896457992,0.0463518334114137,0.09454,0.4546808488835522,0.09059769763810971,0.06678944422410059
P5,73,312,0.213010747068022,0.0618405215969799,0.09454,0.6079531422175151,0.06439730930483822,0.15128088024739902
P5,112,184,0.0689192249840772,0.0495149187615342,0.09454,0.3223637105936335,0.13492026255663805,0.020136963911747918
P5,116,195,0.161896791663155,0.161999963677585,0.09454,0.707441592606336,0.0642754271524169,0.20428118088713193
P5,257,256,0.365502781063984,0.046353565265033,0.09454,0.545453431508977,0.052960417317597035,0.12934399634554042
P5,308,207,0.0703297597172728,0.046350111840152,0.09454,0.32872840814577653,0.13303779118669787,0.02162744355886822
P5,332,150,0.380265720852693,0.16059214675036,0.09454,0.7935354276664668,0.038796544473650926,0.33556438213893747
P5,375,122,0.345826232099116,0.181324688882543,0.09454,0.7803791397156209,0.04634397009171397,0.29637712385220727
P5,402,234,0.363591756468331,0.129479188736544,0.09454,0.7998625616758405,0.032352949041294356,0.37044050040897775
P5,436,285,0.36231928678673,0.0909136492401305,0.09454,0.73150769239048,0.036807515714390115,0.27703707431956043
P5,444,226,0.427939995077358,0.0648968388249454,0.09454,0.6179284469997951,0.045419547866307794,0.16833705634207494
P5,450,381,0.52448037614519,0.0463644846575545,0.09454,0.5881270634848405,0.03643563077358059,0.15851270840932916
P5,538,245,0.375242312949494,0.0695964323333371,0.09454,0.6423734098459306,0.04595363095871901,0.18593442048699038
P5,647,199,0.0929601703581119,0.175022047239144,0.09454,0.6010471274535255,0.08043670383229211,0.11757506837601482
P5,648,252,0.184209705757148,0.0463603493209107,0.09454,0.4907127956836689,0.08633080880108256,0.08127953902381325
P5,658,304,0.144047009123859,0.0651632408153392,0.09454,0.560714841216046,0.08407050161670611,0.10385162898009508
P5,819,173,0.485366853055501,0.160800468365047,0.09454,0.8255009223673171,0.027441922968443694,0.4077870658159286
P5,827,125,0.213562385844742,0.0845007400223801,0.09454,0.536414201563541,0.09078134197710062,0.0787105244905136
P5,843,238,0.453048477497815,0.0463575719399164,0.09454,0.5412843095965372,0.048033492470165896,0.1282174919830462
P5,895,210,0.0748100615129787,0.0814125101361029,0.09454,0.4294967765898919,0.1162288153983505,0.03950416618082645
P5,910,177,0.312973605643758,0.0581674970977397,0.09454,0.5479406008049431,0.06702232982230126,0.11520460970168227
P5,1008,154,0.132758315682022,0.046349931071135,0.09454,0.38058262259980236,0.11805402405284365,0.03349112500900257
P5,1096,295,0.235656479509684,0.0538492663573964,0.09454,0.5753938994102,0.06459458318196429,0.13486363150507324
P5,1118,250,0.304713788208621,0.0868885715023985,0.09454,0.6938193887328036,0.04749032828363654,0.22623261726855015
P5,1157,66,0.0697396850102358,0.11187374298279,0.09454,0.3300485413424863,0.13654646583249502,0.01751315381488557
P5,1208,352,0.25049897580007,0.0463590103009561,0.09454,0.5679208790449196,0.05868054093813971,0.13938544022470978
P5,1266,273,0.372227152214185,0.0970269405181295,0.09454,0.7442238210767781,0.0355692897686103,0.29207945514317485
P5,1289,117,0.464271474023092,0.0463523780724761,0.09454,0.47592319299288116,0.06504813371437884,0.09183769891111174
P5,1362,195,0.366186870162452,0.0535062028788564,0.09454,0.5497885037841495,0.05816168615524575,0.12488270507609253
P5,1389,357,0.313402572856717,0.0463626349948729,0.09454,0.5785606778622794,0.04965885335485888,0.15052649105873792
P5,1396,336,0.344020450012802,0.0782097185422491,0.09454,0.7105503542150866,0.037665483254255235,0.2569844277853243
P5,1402,249,0.192601325704009,0.0463507295689544,0.09454,0.49441908872102847,0.08438507732630286,0.08425468682302696
P5,1413,279,0.129210600722744,0.0463580795033046,0.09454,0.45674838236817844,0.10093597803255357,0.05934109074432274
P5,1499,260,0.365813960711963,0.130007805957401,0.09454,0.8154818070462564,0.029060717863726437,0.4043209919228467
P5,1523,174,0.384307491944279,0.0633899227447017,0.09454,0.5793950131291365,0.0566767260092439,0.13688840470358316
P5,1729,312,0.108598470866025,0.0463615113436707,0.09454,0.44709982699473966,0.10536521961900719,0.053862774274465064
P5,1737,387,0.330755421375562,0.0463639032361292,0.09454,0.5885449059996879,0.04611939291546955,0.15825663952540373
P5,1779,210,0.153508704665436,0.0463500655537012,0.09454,0.44054987464819007,0.10205254196393328,0.054529436070356374
P5,1876,301,0.157452218973097,0.0463571733353771,0.09454,0.49664868207054,0.08820626187695396,0.08164890129667902
P5,1926,96,0.514898030507941,0.0753604075268542,0.09454,0.5689577992202618,0.05958565716779319,0.12094295664152506
P5,1946,188,0.355918937180551,0.0964838807802102,0.09454,0.6908642134897137,0.048206946699497114,0.21578660590609802
P5,2147,154,0.0880522228547457,0.11963261781573,0.09454,0.4804041763055506,0.10746726844225375,0.05155575164232682
P5,2219,137,0.315529957942859,0.125202769286536,0.09454,0.6979012943381262,0.057737014418931545,0.19964241803109237
P5,2223,270,0.198666791564093,0.0642723485919646,0.09454,0.5854996388617794,0.07254579972089945,0.12792970786447558
P5,2396,36,0.928602278258623,0.0463499461442802,0.09454,0.41525501099181134,0.06786558577015521,0.06926808097642036
P5,2420,362,0.0860094793827983,0.0516392627999089,0.09454,0.45296510569923887,0.10792219779275304,0.05256164995632748
P5,2445,129,0.328545916785396,0.171195761200909,0.09454,0.7693534381000462,0.04827756322932108,0.2816412599954598
P5,2457,448,0.287333780791332,0.0555850623829768,0.09454,0.6510505399783333,0.04304075644831232,0.20452502162078937
