locus,chr,K_int,theta_ASD,theta_SCZ,p_ASD,p_SCZ,rho_hat,rho_lower,rho_upper,null_p_positive_rho0,null_p_determinate_rho0
10,1,261,1e-06,0.174947046624455,0.0405959,0.00495788,0.253335,-0.67302,1.0,,0.068
39,1,287,0.1499003565978152,0.27813417146826924,0.0061793,0.000565655,0.184068,-0.45876,0.93953,,0.04
48,1,268,1e-06,0.3860199435893238,0.0299114,2.68194e-05,0.52806,-0.04469,1.0,,0.048
56,1,155,1e-06,0.34984443564365447,0.0216631,0.00102769,0.519352,-0.16094,1.0,,0.076
84,1,304,0.048321324980015325,0.4646667924316632,0.0149142,2.52085e-07,0.405482,-0.08878,1.0,,0.052
85,1,364,0.19585705017779265,0.5292424267173387,0.00209443,3.79527e-10,0.482708,0.08881,1.0,,0.036
95,1,326,1e-06,1e-06,0.0370093,0.0456971,-0.393859,-1.0,0.61625,,0.032
131,1,171,0.10221722559317664,0.3446268582795011,0.0119969,0.000826221,0.478305,-0.15942,1.0,,0.076
142,1,153,1e-06,0.5795140281840615,0.0398449,6.08536e-06,0.177205,-0.54619,1.0,,0.056
152,1,271,0.032416338523485064,0.33554672018098175,0.0165415,0.00013972,-0.114547,-0.95707,0.5656,,0.044
176,1,304,1e-06,0.3392162023710881,0.0373143,6.12425e-05,0.254334,-0.43744,1.0,,0.06
292,2,139,1e-06,1e-06,0.0416311,0.038309,0.887065,-0.01548,1.0,,0.052
293,2,84,1e-06,1e-06,0.0236358,0.0454699,-0.380105,-1.0,0.71525,,0.06
301,2,428,1e-06,0.03941431546052969,0.0209997,0.0152277,0.343193,-0.52316,1.0,,0.068
313,2,310,0.21909810770062238,0.1504055999533411,0.00181269,0.00573013,-0.416788,-1.0,0.18675,,0.048
369,2,195,1e-06,0.5876081361423111,0.0355164,3.39701e-07,-0.121403,-0.95035,0.54783,,0.06
383,2,584,1e-06,0.16294770015200966,0.0411257,0.00172759,0.442037,-0.27649,1.0,,0.032
397,2,190,1e-06,0.2531190785225358,0.046359,0.00272868,0.0153633,-1.0,1.0,,0.068
418,2,346,0.02242037154263463,0.10062940821248922,0.0172503,0.00947027,0.238466,-0.58842,1.0,,0.06
461,3,452,1e-06,0.3078577084380352,0.0256892,1.25461e-05,0.46134,-0.09378,1.0,,0.04
462,3,348,0.03755988965081602,0.4226033577527486,0.0157394,4.06886e-07,0.310724,-0.20744,1.0,,0.076
466,3,423,0.15682518128764586,0.4583649912863391,0.00360168,2.77828e-09,0.592474,0.20017,1.0,,0.052
579,3,352,0.15365327267334253,0.42068451060305795,0.00480386,3.92123e-07,0.246954,-0.23794,0.84525,,0.048
705,4,134,1e-06,0.2920872976452978,0.0335914,0.00306412,-0.0230614,-1.0,0.93855,,0.056
746,4,206,1e-06,1e-06,0.0475805,0.0195255,0.190452,-1.0,1.0,,0.068
783,5,317,1e-06,0.524004107865706,0.0200258,5.97744e-09,0.486265,0.01087,1.0,,0.08
830,5,200,1e-06,0.30028936612085755,0.0354771,0.00114324,0.74293,0.08676,1.0,,0.04
870,5,248,0.19162122923832664,0.20778714671223839,0.00422695,0.00336294,0.0533462,-0.69201,0.80456,,0.064
939,6,286,0.2281021945123994,1e-06,0.00181319,0.0269782,1.0,0.37406,1.0,,0.072
954,6,50,0.6332207142767092,3.335220274793816,0.00114741,1.2263e-22,0.246162,-0.17186,0.72539,,0.056
955,6,34,0.2430220493328694,4.588142754259742,0.010983,1.40172e-23,0.134838,-0.43779,0.79148,,0.084
957,6,117,0.021907637875802456,1.6819201018274426,0.0179471,6.852419999999999e-20,0.017797,-0.5158,0.5663,,0.092
968,6,101,1e-06,1.3223784825749028,0.036654,1.27819e-12,0.37714,-0.17775,1.0,,0.052
974,6,356,1e-06,1e-06,0.0343423,0.0247514,0.826923,0.03156,1.0,,0.036
998,6,95,0.03515128205710798,0.6725315218926474,0.0172969,3.58426e-05,0.292176,-0.38985,1.0,,0.06
1043,6,284,1e-06,0.03810338647624898,0.043509,0.0159721,0.643606,-0.1874,1.0,,0.036
1048,6,140,1e-06,0.41786938297202336,0.039826,0.000461284,-0.547774,-1.0,0.14215,,0.104
1087,6,475,1e-06,0.14615470980381026,0.0404315,0.003781,0.7175,0.0382,1.0,,0.072
1117,7,507,0.13439222672220813,0.12413373201370682,0.00439369,0.00531792,0.148955,-0.57547,0.97264,,0.024
1343,8,101,1e-06,0.2935573514227518,0.0319351,0.00446474,-0.274441,-1.0,0.61126,,0.084
1353,8,530,1e-06,0.17001902589833712,0.03184,0.00175191,-0.288129,-1.0,0.44121,,0.048
1372,9,359,0.01699107247324683,0.17768557374091287,0.0177644,0.00310567,0.069404,-0.78372,0.96979,,0.072
1410,9,262,0.025529807729565764,0.4689416104735752,0.0171794,1.20621e-06,-0.260096,-1.0,0.29776,,0.06
1455,9,202,1e-06,0.4643608729578001,0.0418235,1.71681e-05,0.171441,-0.55608,1.0,,0.08
1474,9,247,1e-06,0.44751449720586867,0.0429505,5.28652e-06,0.758143,0.19674,1.0,,0.064
1483,9,284,1e-06,0.02713781556265933,0.0194821,0.0169678,0.671726,-0.0831,1.0,,0.032
1545,10,256,1e-06,0.6995528068560556,0.0334753,2.21778e-11,0.10902,-0.45747,0.79345,,0.076
1549,10,186,1e-06,0.23418026187127836,0.0272542,0.00361126,-0.0997198,-1.0,0.79646,,0.052
1581,10,365,0.04172152899483597,0.3779941308224065,0.0152431,2.42678e-06,0.591217,0.08423,1.0,,0.064
1722,11,350,1e-06,1e-06,0.0443209,0.025231,0.484419,-0.46026,1.0,,0.052
1747,12,324,1e-06,0.20904199827991218,0.030067,0.00202563,0.409273,-0.3166,1.0,,0.064
1788,12,249,0.1282895536624921,0.5737466097693781,0.00855796,2.10574e-08,0.331445,-0.15197,1.0,,0.072
1808,12,137,1e-06,0.11220915355345251,0.0414299,0.0120406,0.180255,-0.94549,1.0,,0.056
1809,12,205,0.05609411239594032,0.20033256183493892,0.0149748,0.0047642,-0.0350291,-0.98952,0.82739,,0.06
1840,12,183,1e-06,0.7423183217359277,0.035997,2.14452e-09,0.0571659,-0.5819,0.75508,,0.052
1847,12,284,1e-06,0.080007251754959,0.0281963,0.0121405,-0.0949921,-1.0,0.86475,,0.052
1898,13,192,1e-06,0.43332709787846463,0.0279208,6.29007e-05,0.316073,-0.35031,1.0,,0.064
1910,13,182,0.06282396831156092,1e-06,0.0146879,0.0472163,0.491998,-0.44741,1.0,,0.06
1914,13,399,1e-06,0.26242980066907423,0.0317536,0.000220704,0.115181,-0.64186,1.0,,0.052
1979,14,240,1e-06,0.32191772131439456,0.0394823,0.00037461,0.297238,-0.4776,1.0,,0.032
1985,14,363,1e-06,0.15987587118067184,0.041984,0.00419138,-0.134016,-1.0,0.78665,,0.06
2007,14,278,1e-06,0.1592471772229415,0.0237502,0.00567124,0.450706,-0.30645,1.0,,0.04
2020,14,477,0.13555501042833154,1e-06,0.00461545,0.0221769,-0.00330808,-0.96616,0.90874,,0.06
2117,16,389,1e-06,0.44744296018291,0.0265815,2.1609e-08,0.517113,0.02617,1.0,,0.044
2125,16,337,1e-06,0.19085896917685824,0.049955,0.00269308,0.179135,-0.76564,1.0,,0.064
2142,16,361,1e-06,0.2891363251226355,0.049492,0.000138122,-0.19866,-1.0,0.51315,,0.052
2149,16,160,1e-06,0.4248224095910005,0.0370506,0.000221204,0.343082,-0.39521,1.0,,0.056
2204,17,289,0.04660446177011434,1e-06,0.0151654,0.025758,0.301587,-0.62895,1.0,,0.072
2207,17,87,0.5542894010539696,0.9013641951404582,0.000392858,8.06045e-07,-0.175272,-0.70598,0.30564,,0.084
2266,18,276,1e-06,0.44712641403222014,0.038369,1.75751e-06,0.277169,-0.32958,1.0,,0.064
2282,18,267,0.21998958394644907,0.3368418296668682,0.00243514,0.000145733,0.00151864,-0.61987,0.59462,,0.048
2292,18,206,0.17711920091954114,1e-06,0.00609286,0.0346978,-0.415151,-1.0,0.39144,,0.056
2307,19,216,1e-06,0.1862308084034308,0.0228438,0.00528579,-0.0440281,-1.0,0.8705,,0.06
2372,20,306,0.14016351947600494,1e-06,0.00659108,0.0311564,0.110875,-0.85871,1.0,,0.044
2384,20,257,0.023015560055101563,0.2882839935257899,0.0174117,0.000657972,0.279271,-0.4112,1.0,,0.032
2401,20,347,0.038672838433203745,0.1872703989357695,0.0156321,0.00273959,-0.361843,-1.0,0.29616,,0.04
2413,20,496,1e-06,0.15092300225958172,0.0229806,0.00320946,-0.323986,-1.0,0.37544,,0.08
2485,22,199,0.025902640334385676,1.1234432272432815,0.017362,3.83864e-18,0.418167,-0.01826,1.0,,0.08
