"locus","K","theta1","theta2","lambda_min","r_e","rho_true","n_rep","n_gate_pass","n_paramlim_drop","n_reported","gate_rate","mean_rho_hat","se_rho_hat"
13,173,0.124809900701157,0.288382314000574,21.5921128213001,0.23722,-0.8,2000,464,7,457,0.232,-0.454677535185996,0.0141413858444121
13,173,0.124809900701157,0.288382314000574,21.5921128213001,0.23722,-0.6,2000,503,4,499,0.2515,-0.3138163449499,0.0143734690663908
13,173,0.124809900701157,0.288382314000574,21.5921128213001,0.23722,-0.4,2000,484,0,484,0.242,-0.155954211506198,0.0151376529069493
13,173,0.124809900701157,0.288382314000574,21.5921128213001,0.23722,-0.2,2000,486,2,484,0.243,-0.0459509816260331,0.015279605597468
13,173,0.124809900701157,0.288382314000574,21.5921128213001,0.23722,0,2000,475,0,475,0.2375,0.140423852951579,0.0141977066264039
13,173,0.124809900701157,0.288382314000574,21.5921128213001,0.23722,0.2,2000,511,1,510,0.2555,0.269287791866667,0.0142918691376463
13,173,0.124809900701157,0.288382314000574,21.5921128213001,0.23722,0.4,2000,511,0,511,0.2555,0.416673984794521,0.0126617498325504
13,173,0.124809900701157,0.288382314000574,21.5921128213001,0.23722,0.6,2000,480,6,474,0.24,0.519727899957806,0.0132037790553124
13,173,0.124809900701157,0.288382314000574,21.5921128213001,0.23722,0.8,2000,507,16,491,0.2535,0.676865268961304,0.011446078638518
124,172,0.0714231769541075,0.407352002482589,12.2847864361065,0.23722,-0.8,2000,312,4,308,0.156,-0.359619702974026,0.0190944125640506
124,172,0.0714231769541075,0.407352002482589,12.2847864361065,0.23722,-0.6,2000,281,1,280,0.1405,-0.242867826892857,0.0209240020066377
124,172,0.0714231769541075,0.407352002482589,12.2847864361065,0.23722,-0.4,2000,314,2,312,0.157,-0.133378676474359,0.0189001202361992
124,172,0.0714231769541075,0.407352002482589,12.2847864361065,0.23722,-0.2,2000,340,0,340,0.17,0.0299533656764706,0.0170445203080533
124,172,0.0714231769541075,0.407352002482589,12.2847864361065,0.23722,0,2000,336,0,336,0.168,0.147890204619048,0.016337979941952
124,172,0.0714231769541075,0.407352002482589,12.2847864361065,0.23722,0.2,2000,293,0,293,0.1465,0.234709872866894,0.0179352789125609
124,172,0.0714231769541075,0.407352002482589,12.2847864361065,0.23722,0.4,2000,284,0,284,0.142,0.358551492887324,0.0166304909264278
124,172,0.0714231769541075,0.407352002482589,12.2847864361065,0.23722,0.6,2000,306,0,306,0.153,0.487480137506536,0.0150042477170458
124,172,0.0714231769541075,0.407352002482589,12.2847864361065,0.23722,0.8,2000,343,4,339,0.1715,0.603159882713864,0.0131659585216796
169,268,0.0463585131499157,0.219139707410296,12.4240815241774,0.23722,-0.8,2000,225,0,225,0.1125,-0.224366077288889,0.0234985538670512
169,268,0.0463585131499157,0.219139707410296,12.4240815241774,0.23722,-0.6,2000,202,0,202,0.101,-0.152790039257426,0.0232471802566151
169,268,0.0463585131499157,0.219139707410296,12.4240815241774,0.23722,-0.4,2000,210,0,210,0.105,-0.0338014271428571,0.0215481199479934
169,268,0.0463585131499157,0.219139707410296,12.4240815241774,0.23722,-0.2,2000,223,0,223,0.1115,0.0696179213363229,0.0208640572057076
169,268,0.0463585131499157,0.219139707410296,12.4240815241774,0.23722,0,2000,195,0,195,0.0975,0.182723101025641,0.0249734326776838
169,268,0.0463585131499157,0.219139707410296,12.4240815241774,0.23722,0.2,2000,199,0,199,0.0995,0.299718503919598,0.0225686019351048
169,268,0.0463585131499157,0.219139707410296,12.4240815241774,0.23722,0.4,2000,206,0,206,0.103,0.377492634660194,0.0213971737067678
169,268,0.0463585131499157,0.219139707410296,12.4240815241774,0.23722,0.6,2000,232,0,232,0.116,0.482362841637931,0.0171964706257667
169,268,0.0463585131499157,0.219139707410296,12.4240815241774,0.23722,0.8,2000,217,3,214,0.1085,0.548155878504673,0.0205675637911392
374,312,0.0463541569021553,0.219808184470869,14.4624969534725,0.23722,-0.8,2000,241,1,240,0.1205,-0.266336406041667,0.0209280937329874
374,312,0.0463541569021553,0.219808184470869,14.4624969534725,0.23722,-0.6,2000,233,0,233,0.1165,-0.181812219785408,0.0225418801190606
374,312,0.0463541569021553,0.219808184470869,14.4624969534725,0.23722,-0.4,2000,230,0,230,0.115,-0.0561216043043478,0.0221897815705396
374,312,0.0463541569021553,0.219808184470869,14.4624969534725,0.23722,-0.2,2000,237,0,237,0.1185,0.0726211896582278,0.020076655970867
374,312,0.0463541569021553,0.219808184470869,14.4624969534725,0.23722,0,2000,258,0,258,0.129,0.147446109922481,0.0194276366795687
374,312,0.0463541569021553,0.219808184470869,14.4624969534725,0.23722,0.2,2000,248,0,248,0.124,0.291292816774194,0.0199655114179456
374,312,0.0463541569021553,0.219808184470869,14.4624969534725,0.23722,0.4,2000,220,2,218,0.11,0.360729346284404,0.019234635318408
374,312,0.0463541569021553,0.219808184470869,14.4624969534725,0.23722,0.6,2000,240,0,240,0.12,0.490958718125,0.0195352299581911
374,312,0.0463541569021553,0.219808184470869,14.4624969534725,0.23722,0.8,2000,261,3,258,0.1305,0.612534466666667,0.0161861162546107
403,199,0.0558019560056364,0.219878204235589,11.1045892451217,0.23722,-0.8,2000,182,0,182,0.091,-0.197822247802198,0.025238573524925
403,199,0.0558019560056364,0.219878204235589,11.1045892451217,0.23722,-0.6,2000,156,0,156,0.078,-0.123131896346154,0.0251735182719103
403,199,0.0558019560056364,0.219878204235589,11.1045892451217,0.23722,-0.4,2000,190,0,190,0.095,-0.000368500478947369,0.0247659646816174
403,199,0.0558019560056364,0.219878204235589,11.1045892451217,0.23722,-0.2,2000,233,0,233,0.1165,0.110159025193133,0.0199623302950469
403,199,0.0558019560056364,0.219878204235589,11.1045892451217,0.23722,0,2000,193,0,193,0.0965,0.240871101295337,0.0241317113538378
403,199,0.0558019560056364,0.219878204235589,11.1045892451217,0.23722,0.2,2000,169,0,169,0.0845,0.331289112426035,0.0240077624434696
403,199,0.0558019560056364,0.219878204235589,11.1045892451217,0.23722,0.4,2000,161,1,160,0.0805,0.4447205005625,0.0252120862579967
403,199,0.0558019560056364,0.219878204235589,11.1045892451217,0.23722,0.6,2000,183,0,183,0.0915,0.502484662513661,0.0230975504915118
403,199,0.0558019560056364,0.219878204235589,11.1045892451217,0.23722,0.8,2000,212,6,206,0.106,0.633713124757282,0.0194377574061504
436,293,0.0797119386507002,0.315390955655563,23.3555980246551,0.23722,-0.8,2000,489,9,480,0.2445,-0.463155670708333,0.0133562205856264
436,293,0.0797119386507002,0.315390955655563,23.3555980246551,0.23722,-0.6,2000,509,2,507,0.2545,-0.304901937741617,0.0139142894516556
436,293,0.0797119386507002,0.315390955655563,23.3555980246551,0.23722,-0.4,2000,487,2,485,0.2435,-0.218103012614433,0.0141904235976579
436,293,0.0797119386507002,0.315390955655563,23.3555980246551,0.23722,-0.2,2000,534,0,534,0.267,-0.0498052562022472,0.012656231406366
436,293,0.0797119386507002,0.315390955655563,23.3555980246551,0.23722,0,2000,467,0,467,0.2335,0.0966796839186295,0.0133582873036024
436,293,0.0797119386507002,0.315390955655563,23.3555980246551,0.23722,0.2,2000,404,0,404,0.202,0.253058336757426,0.0137774818045755
436,293,0.0797119386507002,0.315390955655563,23.3555980246551,0.23722,0.4,2000,494,0,494,0.247,0.387507531336032,0.0121819034910259
436,293,0.0797119386507002,0.315390955655563,23.3555980246551,0.23722,0.6,2000,486,3,483,0.243,0.510653147991718,0.0116522909737971
436,293,0.0797119386507002,0.315390955655563,23.3555980246551,0.23722,0.8,2000,477,7,470,0.2385,0.633810947234043,0.011528085985851
477,280,0.0463596347386747,0.219347925184508,12.9806977268289,0.23722,-0.8,2000,219,2,217,0.1095,-0.263163511935484,0.0217519579534322
477,280,0.0463596347386747,0.219347925184508,12.9806977268289,0.23722,-0.6,2000,230,1,229,0.115,-0.14553060419214,0.0216010931154405
477,280,0.0463596347386747,0.219347925184508,12.9806977268289,0.23722,-0.4,2000,238,2,236,0.119,-0.0673954640254237,0.0227550561519287
477,280,0.0463596347386747,0.219347925184508,12.9806977268289,0.23722,-0.2,2000,227,0,227,0.1135,0.0886797005286344,0.0207799680564716
477,280,0.0463596347386747,0.219347925184508,12.9806977268289,0.23722,0,2000,225,0,225,0.1125,0.154990018582222,0.0198591383774444
477,280,0.0463596347386747,0.219347925184508,12.9806977268289,0.23722,0.2,2000,228,0,228,0.114,0.288655516885965,0.0203713123892112
477,280,0.0463596347386747,0.219347925184508,12.9806977268289,0.23722,0.4,2000,227,0,227,0.1135,0.383140029118943,0.0220305554557675
477,280,0.0463596347386747,0.219347925184508,12.9806977268289,0.23722,0.6,2000,223,2,221,0.1115,0.508446040995475,0.0201354546693145
477,280,0.0463596347386747,0.219347925184508,12.9806977268289,0.23722,0.8,2000,219,4,215,0.1095,0.583774670697674,0.018086521879723
559,81,0.0652222487335504,0.549521946561914,5.28300214741758,0.23722,-0.8,2000,198,3,195,0.099,-0.265718049897436,0.0247871575129373
559,81,0.0652222487335504,0.549521946561914,5.28300214741758,0.23722,-0.6,2000,194,3,191,0.097,-0.239902974712042,0.0256509663690717
559,81,0.0652222487335504,0.549521946561914,5.28300214741758,0.23722,-0.4,2000,181,0,181,0.0905,-0.0693883859116022,0.0265633658638239
559,81,0.0652222487335504,0.549521946561914,5.28300214741758,0.23722,-0.2,2000,212,1,211,0.106,0.0647812292417062,0.022162423591774
559,81,0.0652222487335504,0.549521946561914,5.28300214741758,0.23722,0,2000,201,1,200,0.1005,0.12361827285,0.0239485542975855
559,81,0.0652222487335504,0.549521946561914,5.28300214741758,0.23722,0.2,2000,184,1,183,0.092,0.220255740546448,0.0252549736801742
559,81,0.0652222487335504,0.549521946561914,5.28300214741758,0.23722,0.4,2000,222,1,221,0.111,0.361868864027149,0.022285083432553
559,81,0.0652222487335504,0.549521946561914,5.28300214741758,0.23722,0.6,2000,213,1,212,0.1065,0.495541361320755,0.0215342076860447
559,81,0.0652222487335504,0.549521946561914,5.28300214741758,0.23722,0.8,2000,193,1,192,0.0965,0.549632455729167,0.0201716715290039
560,190,0.125517805262195,0.252057396079948,23.8483829998171,0.23722,-0.8,2000,485,15,470,0.2425,-0.444349908510638,0.0145827314401493
560,190,0.125517805262195,0.252057396079948,23.8483829998171,0.23722,-0.6,2000,471,4,467,0.2355,-0.307175969141328,0.0148268495815358
560,190,0.125517805262195,0.252057396079948,23.8483829998171,0.23722,-0.4,2000,478,1,477,0.239,-0.142214779832285,0.0153059773465828
560,190,0.125517805262195,0.252057396079948,23.8483829998171,0.23722,-0.2,2000,478,0,478,0.239,-0.0187754224497908,0.0158689189260032
560,190,0.125517805262195,0.252057396079948,23.8483829998171,0.23722,0,2000,515,0,515,0.2575,0.126562733998058,0.0144659622788381
560,190,0.125517805262195,0.252057396079948,23.8483829998171,0.23722,0.2,2000,464,0,464,0.232,0.261656396741379,0.0142491542661808
560,190,0.125517805262195,0.252057396079948,23.8483829998171,0.23722,0.4,2000,487,4,483,0.2435,0.430690905300207,0.0135505343697938
560,190,0.125517805262195,0.252057396079948,23.8483829998171,0.23722,0.6,2000,481,3,478,0.2405,0.560074884769874,0.0118474008774588
560,190,0.125517805262195,0.252057396079948,23.8483829998171,0.23722,0.8,2000,510,19,491,0.255,0.669966027433809,0.0118086322690352
587,116,0.193624510804565,0.399086398556791,22.4604432533295,0.23722,-0.8,2000,690,35,655,0.345,-0.522251449312977,0.0123470284841292
587,116,0.193624510804565,0.399086398556791,22.4604432533295,0.23722,-0.6,2000,681,14,667,0.3405,-0.398418327151424,0.0130635815953006
587,116,0.193624510804565,0.399086398556791,22.4604432533295,0.23722,-0.4,2000,699,1,698,0.3495,-0.235740797091691,0.0117990772281473
587,116,0.193624510804565,0.399086398556791,22.4604432533295,0.23722,-0.2,2000,692,1,691,0.346,-0.0703611421606368,0.0126942624367797
587,116,0.193624510804565,0.399086398556791,22.4604432533295,0.23722,0,2000,666,0,666,0.333,0.10244610468018,0.0120624629877338
587,116,0.193624510804565,0.399086398556791,22.4604432533295,0.23722,0.2,2000,669,0,669,0.3345,0.270578532744395,0.0120354317638307
587,116,0.193624510804565,0.399086398556791,22.4604432533295,0.23722,0.4,2000,662,0,662,0.331,0.411632227885196,0.0116871030751001
587,116,0.193624510804565,0.399086398556791,22.4604432533295,0.23722,0.6,2000,713,6,707,0.3565,0.576286208486563,0.0104526368220025
587,116,0.193624510804565,0.399086398556791,22.4604432533295,0.23722,0.8,2000,693,22,671,0.3465,0.719367915350224,0.00922663589030692
613,331,0.0463506962032775,0.218331074027084,15.3420804432848,0.23722,-0.8,2000,258,4,254,0.129,-0.27065608636811,0.0206644203418741
613,331,0.0463506962032775,0.218331074027084,15.3420804432848,0.23722,-0.6,2000,242,1,241,0.121,-0.167110813153527,0.0201002064414225
613,331,0.0463506962032775,0.218331074027084,15.3420804432848,0.23722,-0.4,2000,239,1,238,0.1195,-0.0338305183193277,0.0217350935071235
613,331,0.0463506962032775,0.218331074027084,15.3420804432848,0.23722,-0.2,2000,272,0,272,0.136,0.102203100110294,0.0179685160267464
613,331,0.0463506962032775,0.218331074027084,15.3420804432848,0.23722,0,2000,274,0,274,0.137,0.168166867643796,0.0176488876256348
613,331,0.0463506962032775,0.218331074027084,15.3420804432848,0.23722,0.2,2000,252,1,251,0.126,0.254443614302789,0.0196136285499503
613,331,0.0463506962032775,0.218331074027084,15.3420804432848,0.23722,0.4,2000,228,0,228,0.114,0.398731834140351,0.0205696306104052
613,331,0.0463506962032775,0.218331074027084,15.3420804432848,0.23722,0.6,2000,246,0,246,0.123,0.470025386056911,0.0168878983250104
613,331,0.0463506962032775,0.218331074027084,15.3420804432848,0.23722,0.8,2000,253,3,250,0.1265,0.57756959868,0.0169873499273321
628,122,0.181193660639366,0.252679268021007,22.1056265980026,0.23722,-0.8,2000,460,15,445,0.23,-0.410687788695955,0.0162443833139335
628,122,0.181193660639366,0.252679268021007,22.1056265980026,0.23722,-0.6,2000,419,6,413,0.2095,-0.31315844377724,0.0166843183004229
628,122,0.181193660639366,0.252679268021007,22.1056265980026,0.23722,-0.4,2000,408,1,407,0.204,-0.150365956584767,0.0169390561450764
628,122,0.181193660639366,0.252679268021007,22.1056265980026,0.23722,-0.2,2000,423,0,423,0.2115,0.003624573356974,0.0170487000873316
628,122,0.181193660639366,0.252679268021007,22.1056265980026,0.23722,0,2000,455,1,454,0.2275,0.132134112202643,0.015508246723445
628,122,0.181193660639366,0.252679268021007,22.1056265980026,0.23722,0.2,2000,499,0,499,0.2495,0.283752519220441,0.0148740160450387
628,122,0.181193660639366,0.252679268021007,22.1056265980026,0.23722,0.4,2000,487,1,486,0.2435,0.436645968660494,0.0138496439726444
628,122,0.181193660639366,0.252679268021007,22.1056265980026,0.23722,0.6,2000,454,7,447,0.227,0.603976823489933,0.0137937426893523
628,122,0.181193660639366,0.252679268021007,22.1056265980026,0.23722,0.8,2000,480,19,461,0.24,0.700821393383948,0.0117842420332459
728,316,0.0463537576165339,0.260361496634265,14.6477874068247,0.23722,-0.8,2000,283,2,281,0.1415,-0.319248826761566,0.0192129441743325
728,316,0.0463537576165339,0.260361496634265,14.6477874068247,0.23722,-0.6,2000,240,1,239,0.12,-0.175023648707113,0.0225475822946203
728,316,0.0463537576165339,0.260361496634265,14.6477874068247,0.23722,-0.4,2000,236,0,236,0.118,-0.104438628822034,0.0208850813813834
728,316,0.0463537576165339,0.260361496634265,14.6477874068247,0.23722,-0.2,2000,248,0,248,0.124,0.0089914552983871,0.0205812249338315
728,316,0.0463537576165339,0.260361496634265,14.6477874068247,0.23722,0,2000,288,0,288,0.144,0.169911913458333,0.0181963048249306
728,316,0.0463537576165339,0.260361496634265,14.6477874068247,0.23722,0.2,2000,281,0,281,0.1405,0.246912346761566,0.018287792012722
728,316,0.0463537576165339,0.260361496634265,14.6477874068247,0.23722,0.4,2000,301,0,301,0.1505,0.383300664053156,0.0177955655093572
728,316,0.0463537576165339,0.260361496634265,14.6477874068247,0.23722,0.6,2000,270,0,270,0.135,0.454024458296296,0.0164519521664373
728,316,0.0463537576165339,0.260361496634265,14.6477874068247,0.23722,0.8,2000,258,1,257,0.129,0.570883148249027,0.0177365763893971
741,240,0.0463596100461425,0.623808513473753,11.1263064110742,0.23722,-0.8,2000,250,0,250,0.125,-0.324011805488,0.0166113174243044
741,240,0.0463596100461425,0.623808513473753,11.1263064110742,0.23722,-0.6,2000,258,0,258,0.129,-0.230855887364341,0.0165928670771979
741,240,0.0463596100461425,0.623808513473753,11.1263064110742,0.23722,-0.4,2000,261,0,261,0.1305,-0.144381214019157,0.014765226719022
741,240,0.0463596100461425,0.623808513473753,11.1263064110742,0.23722,-0.2,2000,265,0,265,0.1325,-0.0264192545509434,0.0168193326803599
741,240,0.0463596100461425,0.623808513473753,11.1263064110742,0.23722,0,2000,246,0,246,0.123,0.121954061341463,0.0172365664646411
741,240,0.0463596100461425,0.623808513473753,11.1263064110742,0.23722,0.2,2000,261,0,261,0.1305,0.188948984448276,0.0165506892930343
741,240,0.0463596100461425,0.623808513473753,11.1263064110742,0.23722,0.4,2000,266,0,266,0.133,0.323574789736842,0.015179981190858
741,240,0.0463596100461425,0.623808513473753,11.1263064110742,0.23722,0.6,2000,248,0,248,0.124,0.431307082419355,0.0144977117643812
741,240,0.0463596100461425,0.623808513473753,11.1263064110742,0.23722,0.8,2000,264,0,264,0.132,0.534154666666667,0.0146084352598415
848,138,0.0463536767769615,1.16203216924478,6.39680739522069,0.23722,-0.8,2000,216,0,216,0.108,-0.311190257027778,0.019096436586352
848,138,0.0463536767769615,1.16203216924478,6.39680739522069,0.23722,-0.6,2000,217,0,217,0.1085,-0.215863150847926,0.0178361616139917
848,138,0.0463536767769615,1.16203216924478,6.39680739522069,0.23722,-0.4,2000,216,0,216,0.108,-0.132342675555556,0.0177900185486994
848,138,0.0463536767769615,1.16203216924478,6.39680739522069,0.23722,-0.2,2000,221,0,221,0.1105,-0.0313421125791855,0.0163481858127059
848,138,0.0463536767769615,1.16203216924478,6.39680739522069,0.23722,0,2000,216,0,216,0.108,0.0701119919444444,0.0163544909865493
848,138,0.0463536767769615,1.16203216924478,6.39680739522069,0.23722,0.2,2000,219,0,219,0.1095,0.188197911872146,0.0169995724471758
848,138,0.0463536767769615,1.16203216924478,6.39680739522069,0.23722,0.4,2000,222,0,222,0.111,0.288426450855856,0.0156321676391299
848,138,0.0463536767769615,1.16203216924478,6.39680739522069,0.23722,0.6,2000,212,0,212,0.106,0.383253671603774,0.0162821819553154
848,138,0.0463536767769615,1.16203216924478,6.39680739522069,0.23722,0.8,2000,242,0,242,0.121,0.478575857479339,0.0145835504597387
853,302,0.0463491255367438,0.215912396889063,13.9974359120966,0.23722,-0.8,2000,220,1,219,0.11,-0.23558378890411,0.0196436733176239
853,302,0.0463491255367438,0.215912396889063,13.9974359120966,0.23722,-0.6,2000,240,2,238,0.12,-0.16786143605042,0.0209291424872316
853,302,0.0463491255367438,0.215912396889063,13.9974359120966,0.23722,-0.4,2000,224,0,224,0.112,-0.05509613875,0.0231582778023171
853,302,0.0463491255367438,0.215912396889063,13.9974359120966,0.23722,-0.2,2000,243,0,243,0.1215,0.0371061635390946,0.0194749281984464
853,302,0.0463491255367438,0.215912396889063,13.9974359120966,0.23722,0,2000,239,0,239,0.1195,0.129553469707113,0.0193901906112343
853,302,0.0463491255367438,0.215912396889063,13.9974359120966,0.23722,0.2,2000,233,0,233,0.1165,0.253438839785408,0.0199526377835356
853,302,0.0463491255367438,0.215912396889063,13.9974359120966,0.23722,0.4,2000,228,1,227,0.114,0.393409351497797,0.0186356376661341
853,302,0.0463491255367438,0.215912396889063,13.9974359120966,0.23722,0.6,2000,213,1,212,0.1065,0.494334243396226,0.0191410863382375
853,302,0.0463491255367438,0.215912396889063,13.9974359120966,0.23722,0.8,2000,250,4,246,0.125,0.608765345934959,0.0161664738580999
854,289,0.0742100376707131,0.220961994638753,21.4467008868361,0.23722,-0.8,2000,372,7,365,0.186,-0.37607414090411,0.015947205427422
854,289,0.0742100376707131,0.220961994638753,21.4467008868361,0.23722,-0.6,2000,361,1,360,0.1805,-0.288264411861111,0.018529960656071
854,289,0.0742100376707131,0.220961994638753,21.4467008868361,0.23722,-0.4,2000,351,0,351,0.1755,-0.11060494339886,0.0172931130097166
854,289,0.0742100376707131,0.220961994638753,21.4467008868361,0.23722,-0.2,2000,345,0,345,0.1725,0.00305290729275362,0.0176233586345034
854,289,0.0742100376707131,0.220961994638753,21.4467008868361,0.23722,0,2000,378,0,378,0.189,0.125928873761905,0.0163064003386062
854,289,0.0742100376707131,0.220961994638753,21.4467008868361,0.23722,0.2,2000,362,0,362,0.181,0.268338454447514,0.0165545766880153
854,289,0.0742100376707131,0.220961994638753,21.4467008868361,0.23722,0.4,2000,393,0,393,0.1965,0.405686600483461,0.0148243920370805
854,289,0.0742100376707131,0.220961994638753,21.4467008868361,0.23722,0.6,2000,367,1,366,0.1835,0.523477199153006,0.0156892465321672
854,289,0.0742100376707131,0.220961994638753,21.4467008868361,0.23722,0.8,2000,369,10,359,0.1845,0.625393184958217,0.01466842634696
886,167,0.138276139491282,0.219687673281774,23.0921152950441,0.23722,-0.8,2000,389,4,385,0.1945,-0.382425755662338,0.0171821639672441
886,167,0.138276139491282,0.219687673281774,23.0921152950441,0.23722,-0.6,2000,401,6,395,0.2005,-0.267895034417722,0.0169713151656666
886,167,0.138276139491282,0.219687673281774,23.0921152950441,0.23722,-0.4,2000,425,2,423,0.2125,-0.0992524810945627,0.0162245795217786
886,167,0.138276139491282,0.219687673281774,23.0921152950441,0.23722,-0.2,2000,410,0,410,0.205,-0.00874648287317073,0.0169552413857298
886,167,0.138276139491282,0.219687673281774,23.0921152950441,0.23722,0,2000,399,0,399,0.1995,0.146098960601504,0.0166989468004572
886,167,0.138276139491282,0.219687673281774,23.0921152950441,0.23722,0.2,2000,391,0,391,0.1955,0.293886197493606,0.0163635024707086
886,167,0.138276139491282,0.219687673281774,23.0921152950441,0.23722,0.4,2000,429,1,428,0.2145,0.442109146775701,0.0146119554901003
886,167,0.138276139491282,0.219687673281774,23.0921152950441,0.23722,0.6,2000,403,9,394,0.2015,0.544583341116751,0.0149593672057898
886,167,0.138276139491282,0.219687673281774,23.0921152950441,0.23722,0.8,2000,439,21,418,0.2195,0.704466649282297,0.0129365894569548
909,282,0.0463536943602392,0.455193441521176,13.0717418095875,0.23722,-0.8,2000,272,1,271,0.136,-0.357560825756458,0.0172687676752559
909,282,0.0463536943602392,0.455193441521176,13.0717418095875,0.23722,-0.6,2000,263,0,263,0.1315,-0.230954367148289,0.016937289349175
909,282,0.0463536943602392,0.455193441521176,13.0717418095875,0.23722,-0.4,2000,281,1,280,0.1405,-0.1355004626,0.0163739352317283
909,282,0.0463536943602392,0.455193441521176,13.0717418095875,0.23722,-0.2,2000,281,0,281,0.1405,-0.00148062298932384,0.0155460796922434
909,282,0.0463536943602392,0.455193441521176,13.0717418095875,0.23722,0,2000,275,0,275,0.1375,0.11466803704,0.0156258843606774
909,282,0.0463536943602392,0.455193441521176,13.0717418095875,0.23722,0.2,2000,297,0,297,0.1485,0.227496096127946,0.0151919836222039
909,282,0.0463536943602392,0.455193441521176,13.0717418095875,0.23722,0.4,2000,285,0,285,0.1425,0.344687902315789,0.0154391771654992
909,282,0.0463536943602392,0.455193441521176,13.0717418095875,0.23722,0.6,2000,275,0,275,0.1375,0.435600902509091,0.0146288892776112
909,282,0.0463536943602392,0.455193441521176,13.0717418095875,0.23722,0.8,2000,315,1,314,0.1575,0.556185503009554,0.0135385086483856
918,479,0.0861743388536336,0.21775472529957,41.2775083108905,0.23722,-0.8,2000,690,20,670,0.345,-0.531532239895522,0.0111430058436776
918,479,0.0861743388536336,0.21775472529957,41.2775083108905,0.23722,-0.6,2000,736,7,729,0.368,-0.394596119396433,0.0107239638332907
918,479,0.0861743388536336,0.21775472529957,41.2775083108905,0.23722,-0.4,2000,668,2,666,0.334,-0.227869067591592,0.0115203052308343
918,479,0.0861743388536336,0.21775472529957,41.2775083108905,0.23722,-0.2,2000,667,0,667,0.3335,-0.0895453272203898,0.0115316315269509
918,479,0.0861743388536336,0.21775472529957,41.2775083108905,0.23722,0,2000,677,0,677,0.3385,0.0849428021994092,0.0109319350058521
918,479,0.0861743388536336,0.21775472529957,41.2775083108905,0.23722,0.2,2000,668,1,667,0.334,0.255400353484258,0.0110738065273978
918,479,0.0861743388536336,0.21775472529957,41.2775083108905,0.23722,0.4,2000,700,0,700,0.35,0.389332806,0.0100589063443978
918,479,0.0861743388536336,0.21775472529957,41.2775083108905,0.23722,0.6,2000,656,0,656,0.328,0.554312172408537,0.00941089979061378
918,479,0.0861743388536336,0.21775472529957,41.2775083108905,0.23722,0.8,2000,708,21,687,0.354,0.694341006608443,0.00831502377834195
1103,271,0.15627074928405,0.218569177026737,42.3493730559776,0.23722,-0.8,2000,819,32,787,0.4095,-0.549726089083863,0.0104513311847929
1103,271,0.15627074928405,0.218569177026737,42.3493730559776,0.23722,-0.6,2000,854,12,842,0.427,-0.39048509736342,0.0108291742965757
1103,271,0.15627074928405,0.218569177026737,42.3493730559776,0.23722,-0.4,2000,839,2,837,0.4195,-0.24480457437276,0.0108493575552115
1103,271,0.15627074928405,0.218569177026737,42.3493730559776,0.23722,-0.2,2000,777,3,774,0.3885,-0.0858321099767442,0.0115692600212315
1103,271,0.15627074928405,0.218569177026737,42.3493730559776,0.23722,0,2000,815,0,815,0.4075,0.0888345763705521,0.010631074248444
1103,271,0.15627074928405,0.218569177026737,42.3493730559776,0.23722,0.2,2000,834,1,833,0.417,0.270520821789316,0.0101673623373768
1103,271,0.15627074928405,0.218569177026737,42.3493730559776,0.23722,0.4,2000,840,3,837,0.42,0.419259566475508,0.00957130128206568
1103,271,0.15627074928405,0.218569177026737,42.3493730559776,0.23722,0.6,2000,819,4,815,0.4095,0.586707285934969,0.00883311607436736
1103,271,0.15627074928405,0.218569177026737,42.3493730559776,0.23722,0.8,2000,839,30,809,0.4195,0.729485082249691,0.00815563637465487
1117,440,0.117270932191626,0.271151645171507,51.5992101643156,0.23722,-0.8,2000,1002,52,950,0.501,-0.607835345463158,0.00858783064058664
1117,440,0.117270932191626,0.271151645171507,51.5992101643156,0.23722,-0.6,2000,977,14,963,0.4885,-0.469691099626168,0.0089052594982184
1117,440,0.117270932191626,0.271151645171507,51.5992101643156,0.23722,-0.4,2000,997,4,993,0.4985,-0.307504480153072,0.00947279388451186
1117,440,0.117270932191626,0.271151645171507,51.5992101643156,0.23722,-0.2,2000,1017,2,1015,0.5085,-0.135768665742857,0.00894327369869231
1117,440,0.117270932191626,0.271151645171507,51.5992101643156,0.23722,0,2000,976,0,976,0.488,0.0486745208441598,0.00856675328854662
1117,440,0.117270932191626,0.271151645171507,51.5992101643156,0.23722,0.2,2000,1014,0,1014,0.507,0.225590431053254,0.00842097875109674
1117,440,0.117270932191626,0.271151645171507,51.5992101643156,0.23722,0.4,2000,995,1,994,0.4975,0.413445073146881,0.00766798618498306
1117,440,0.117270932191626,0.271151645171507,51.5992101643156,0.23722,0.6,2000,982,6,976,0.491,0.570605056946721,0.00768648074332229
1117,440,0.117270932191626,0.271151645171507,51.5992101643156,0.23722,0.8,2000,1002,19,983,0.501,0.722105622990844,0.00668030217377078
1162,343,0.0463634705033828,0.264886859574098,15.9026703826603,0.23722,-0.8,2000,268,3,265,0.134,-0.346369877773585,0.0190822229199455
1162,343,0.0463634705033828,0.264886859574098,15.9026703826603,0.23722,-0.6,2000,305,2,303,0.1525,-0.232314168844884,0.0172551617707503
1162,343,0.0463634705033828,0.264886859574098,15.9026703826603,0.23722,-0.4,2000,289,0,289,0.1445,-0.0741107002422145,0.0183129680938018
1162,343,0.0463634705033828,0.264886859574098,15.9026703826603,0.23722,-0.2,2000,284,0,284,0.142,0.0276368009859155,0.0179751849836235
1162,343,0.0463634705033828,0.264886859574098,15.9026703826603,0.23722,0,2000,271,0,271,0.1355,0.140355880416974,0.0174010036613989
1162,343,0.0463634705033828,0.264886859574098,15.9026703826603,0.23722,0.2,2000,281,0,281,0.1405,0.256789592398577,0.0171872073735278
1162,343,0.0463634705033828,0.264886859574098,15.9026703826603,0.23722,0.4,2000,281,0,281,0.1405,0.349354801384342,0.0174892790492892
1162,343,0.0463634705033828,0.264886859574098,15.9026703826603,0.23722,0.6,2000,300,0,300,0.15,0.446940791333333,0.0164979480695102
1162,343,0.0463634705033828,0.264886859574098,15.9026703826603,0.23722,0.8,2000,281,4,277,0.1405,0.623561101083033,0.014987028634269
1184,118,0.0463513815243543,0.277439522156661,5.4694630198738,0.23722,-0.8,2000,107,1,106,0.0535,-0.114034420754717,0.0342050568038357
1184,118,0.0463513815243543,0.277439522156661,5.4694630198738,0.23722,-0.6,2000,133,0,133,0.0665,-0.0342799191729323,0.0311103630923504
1184,118,0.0463513815243543,0.277439522156661,5.4694630198738,0.23722,-0.4,2000,148,0,148,0.074,0.0517910031756757,0.0324573357441135
1184,118,0.0463513815243543,0.277439522156661,5.4694630198738,0.23722,-0.2,2000,119,0,119,0.0595,0.194787010252101,0.032292533271123
1184,118,0.0463513815243543,0.277439522156661,5.4694630198738,0.23722,0,2000,143,0,143,0.0715,0.188812179160839,0.027503245937129
1184,118,0.0463513815243543,0.277439522156661,5.4694630198738,0.23722,0.2,2000,128,0,128,0.064,0.326119632,0.0310327828436487
1184,118,0.0463513815243543,0.277439522156661,5.4694630198738,0.23722,0.4,2000,143,1,142,0.0715,0.394396659929577,0.0286599232425488
1184,118,0.0463513815243543,0.277439522156661,5.4694630198738,0.23722,0.6,2000,146,1,145,0.073,0.509792297655172,0.0259266201907823
1184,118,0.0463513815243543,0.277439522156661,5.4694630198738,0.23722,0.8,2000,146,2,144,0.073,0.549173303472222,0.0250496877253862
1238,320,0.046358203945838,0.21802842113856,14.8346252626682,0.23722,-0.8,2000,245,0,245,0.1225,-0.275911218489796,0.0200448135556368
1238,320,0.046358203945838,0.21802842113856,14.8346252626682,0.23722,-0.6,2000,234,1,233,0.117,-0.166673957451931,0.0197721063366159
1238,320,0.046358203945838,0.21802842113856,14.8346252626682,0.23722,-0.4,2000,240,0,240,0.12,-0.0568746319591667,0.0210621835285124
1238,320,0.046358203945838,0.21802842113856,14.8346252626682,0.23722,-0.2,2000,234,1,233,0.117,0.0297219000429185,0.019727509114924
1238,320,0.046358203945838,0.21802842113856,14.8346252626682,0.23722,0,2000,224,0,224,0.112,0.167230907053571,0.0218554075413813
1238,320,0.046358203945838,0.21802842113856,14.8346252626682,0.23722,0.2,2000,232,1,231,0.116,0.292170118701299,0.0196521527785872
1238,320,0.046358203945838,0.21802842113856,14.8346252626682,0.23722,0.4,2000,215,0,215,0.1075,0.39051951744186,0.0197751584457908
1238,320,0.046358203945838,0.21802842113856,14.8346252626682,0.23722,0.6,2000,243,3,240,0.1215,0.508683237083333,0.0164145538383904
1238,320,0.046358203945838,0.21802842113856,14.8346252626682,0.23722,0.8,2000,213,1,212,0.1065,0.578642751415094,0.0204067783679351
1324,390,0.0463633119628547,0.459100090242665,18.0816916655133,0.23722,-0.8,2000,344,0,344,0.172,-0.38663678177907,0.0142347924117283
1324,390,0.0463633119628547,0.459100090242665,18.0816916655133,0.23722,-0.6,2000,275,0,275,0.1375,-0.280074202629091,0.0156083814618736
1324,390,0.0463633119628547,0.459100090242665,18.0816916655133,0.23722,-0.4,2000,329,0,329,0.1645,-0.147898759519757,0.0133085487429337
1324,390,0.0463633119628547,0.459100090242665,18.0816916655133,0.23722,-0.2,2000,316,0,316,0.158,-0.0527943717056962,0.0139804375589838
1324,390,0.0463633119628547,0.459100090242665,18.0816916655133,0.23722,0,2000,309,0,309,0.1545,0.0878102799320388,0.013152846085586
1324,390,0.0463633119628547,0.459100090242665,18.0816916655133,0.23722,0.2,2000,318,0,318,0.159,0.216839588503145,0.0130457664858939
1324,390,0.0463633119628547,0.459100090242665,18.0816916655133,0.23722,0.4,2000,332,0,332,0.166,0.336238598493976,0.0126650014173318
1324,390,0.0463633119628547,0.459100090242665,18.0816916655133,0.23722,0.6,2000,301,0,301,0.1505,0.451928838538206,0.0126693079879174
1324,390,0.0463633119628547,0.459100090242665,18.0816916655133,0.23722,0.8,2000,349,2,347,0.1745,0.573373192268012,0.0108432438554813
1371,216,0.0747754534519736,0.27469129337269,16.1514979456263,0.23722,-0.8,2000,309,6,303,0.1545,-0.36293621709571,0.0188266956581517
1371,216,0.0747754534519736,0.27469129337269,16.1514979456263,0.23722,-0.6,2000,325,3,322,0.1625,-0.237719538555901,0.0177771820343151
1371,216,0.0747754534519736,0.27469129337269,16.1514979456263,0.23722,-0.4,2000,301,1,300,0.1505,-0.0972483203666667,0.0188700734253902
1371,216,0.0747754534519736,0.27469129337269,16.1514979456263,0.23722,-0.2,2000,307,0,307,0.1535,0.0323689041921824,0.0189288591844341
1371,216,0.0747754534519736,0.27469129337269,16.1514979456263,0.23722,0,2000,323,0,323,0.1615,0.142678906281734,0.0171309200071279
1371,216,0.0747754534519736,0.27469129337269,16.1514979456263,0.23722,0.2,2000,274,0,274,0.137,0.265518182478102,0.019815148465597
1371,216,0.0747754534519736,0.27469129337269,16.1514979456263,0.23722,0.4,2000,319,0,319,0.1595,0.397610395830721,0.0178342255851972
1371,216,0.0747754534519736,0.27469129337269,16.1514979456263,0.23722,0.6,2000,335,3,332,0.1675,0.544541989006024,0.015478783701081
1371,216,0.0747754534519736,0.27469129337269,16.1514979456263,0.23722,0.8,2000,335,11,324,0.1675,0.639281074691358,0.0138696836290686
1392,153,0.0463491054336883,0.385159721690172,7.0914131313543,0.23722,-0.8,2000,216,1,215,0.108,-0.235207896883721,0.0222939069861696
1392,153,0.0463491054336883,0.385159721690172,7.0914131313543,0.23722,-0.6,2000,192,0,192,0.096,-0.158396565364583,0.0231411405322367
1392,153,0.0463491054336883,0.385159721690172,7.0914131313543,0.23722,-0.4,2000,215,0,215,0.1075,-0.0562479443162791,0.022047656434023
1392,153,0.0463491054336883,0.385159721690172,7.0914131313543,0.23722,-0.2,2000,195,0,195,0.0975,0.0359442385641026,0.0242794898168327
1392,153,0.0463491054336883,0.385159721690172,7.0914131313543,0.23722,0,2000,211,0,211,0.1055,0.175361854739336,0.0221930550276998
1392,153,0.0463491054336883,0.385159721690172,7.0914131313543,0.23722,0.2,2000,216,0,216,0.108,0.230195556407407,0.0223592209200133
1392,153,0.0463491054336883,0.385159721690172,7.0914131313543,0.23722,0.4,2000,208,2,206,0.104,0.345346174660194,0.0216570334765208
1392,153,0.0463491054336883,0.385159721690172,7.0914131313543,0.23722,0.6,2000,185,0,185,0.0925,0.46069197972973,0.0226039677710227
1392,153,0.0463491054336883,0.385159721690172,7.0914131313543,0.23722,0.8,2000,210,1,209,0.105,0.516940167464115,0.0193415575856643
1465,338,0.0463547255122756,0.226723738192058,15.6678972231492,0.23722,-0.8,2000,231,1,230,0.1155,-0.268492231304348,0.020586861034944
1465,338,0.0463547255122756,0.226723738192058,15.6678972231492,0.23722,-0.6,2000,253,0,253,0.1265,-0.164882104599605,0.0198472139677264
1465,338,0.0463547255122756,0.226723738192058,15.6678972231492,0.23722,-0.4,2000,271,0,271,0.1355,-0.0719612979335793,0.0194773167338752
1465,338,0.0463547255122756,0.226723738192058,15.6678972231492,0.23722,-0.2,2000,263,0,263,0.1315,0.0527987779703422,0.0183468046626101
1465,338,0.0463547255122756,0.226723738192058,15.6678972231492,0.23722,0,2000,253,0,253,0.1265,0.170314276466403,0.019835250670684
1465,338,0.0463547255122756,0.226723738192058,15.6678972231492,0.23722,0.2,2000,264,1,263,0.132,0.283456117680608,0.0181600711683675
1465,338,0.0463547255122756,0.226723738192058,15.6678972231492,0.23722,0.4,2000,249,1,248,0.1245,0.412058623790323,0.0178369535556235
1465,338,0.0463547255122756,0.226723738192058,15.6678972231492,0.23722,0.6,2000,264,1,263,0.132,0.490862876273764,0.0166875741326037
1465,338,0.0463547255122756,0.226723738192058,15.6678972231492,0.23722,0.8,2000,266,4,262,0.133,0.576889526374046,0.0162017262807976
1525,50,0.0712600255058613,0.22124699217438,3.56300127529307,0.23722,-0.8,2000,70,0,70,0.035,0.0190524018571429,0.0516950494738739
1525,50,0.0712600255058613,0.22124699217438,3.56300127529307,0.23722,-0.6,2000,59,0,59,0.0295,0.164003750847458,0.0506104861852955
1525,50,0.0712600255058613,0.22124699217438,3.56300127529307,0.23722,-0.4,2000,55,0,55,0.0275,0.191764003636364,0.0592279962397781
1525,50,0.0712600255058613,0.22124699217438,3.56300127529307,0.23722,-0.2,2000,65,0,65,0.0325,0.284849915846154,0.0489540108429114
1525,50,0.0712600255058613,0.22124699217438,3.56300127529307,0.23722,0,2000,62,0,62,0.031,0.335420919354839,0.0440860687380439
1525,50,0.0712600255058613,0.22124699217438,3.56300127529307,0.23722,0.2,2000,59,2,57,0.0295,0.336986988245614,0.0551372055430252
1525,50,0.0712600255058613,0.22124699217438,3.56300127529307,0.23722,0.4,2000,69,0,69,0.0345,0.456200684057971,0.0497120637976248
1525,50,0.0712600255058613,0.22124699217438,3.56300127529307,0.23722,0.6,2000,59,2,57,0.0295,0.530323980701754,0.0506267048536836
1525,50,0.0712600255058613,0.22124699217438,3.56300127529307,0.23722,0.8,2000,69,3,66,0.0345,0.558111727272727,0.0397186743482923
1530,232,0.0607106735112743,0.219731352231583,14.0848762546156,0.23722,-0.8,2000,206,2,204,0.103,-0.270986915833333,0.0223724836249227
1530,232,0.0607106735112743,0.219731352231583,14.0848762546156,0.23722,-0.6,2000,227,0,227,0.1135,-0.142708398193833,0.0209310950876825
1530,232,0.0607106735112743,0.219731352231583,14.0848762546156,0.23722,-0.4,2000,228,0,228,0.114,-0.0521905613157895,0.022484338099405
1530,232,0.0607106735112743,0.219731352231583,14.0848762546156,0.23722,-0.2,2000,229,0,229,0.1145,0.0316012901746725,0.0226014391474723
1530,232,0.0607106735112743,0.219731352231583,14.0848762546156,0.23722,0,2000,282,0,282,0.141,0.186245258085106,0.0178686282512396
1530,232,0.0607106735112743,0.219731352231583,14.0848762546156,0.23722,0.2,2000,241,1,240,0.1205,0.310482466258333,0.0211484359063656
1530,232,0.0607106735112743,0.219731352231583,14.0848762546156,0.23722,0.4,2000,264,1,263,0.132,0.418035023688213,0.0207786544174373
1530,232,0.0607106735112743,0.219731352231583,14.0848762546156,0.23722,0.6,2000,245,0,245,0.1225,0.510120782040816,0.0194887236996214
1530,232,0.0607106735112743,0.219731352231583,14.0848762546156,0.23722,0.8,2000,222,3,219,0.111,0.619326471187215,0.0206510756856699
1578,101,0.0463515093865413,0.305264584351645,4.68150244804067,0.23722,-0.8,2000,129,0,129,0.0645,-0.113355204620155,0.0275519379031312
1578,101,0.0463515093865413,0.305264584351645,4.68150244804067,0.23722,-0.6,2000,118,0,118,0.059,-0.0475010804661017,0.0330796689621668
1578,101,0.0463515093865413,0.305264584351645,4.68150244804067,0.23722,-0.4,2000,105,0,105,0.0525,0.0682881847619048,0.0330533210272924
1578,101,0.0463515093865413,0.305264584351645,4.68150244804067,0.23722,-0.2,2000,139,0,139,0.0695,0.151867233776978,0.031883396675882
1578,101,0.0463515093865413,0.305264584351645,4.68150244804067,0.23722,0,2000,130,0,130,0.065,0.226935679384615,0.0325448663524286
1578,101,0.0463515093865413,0.305264584351645,4.68150244804067,0.23722,0.2,2000,129,0,129,0.0645,0.288450918449612,0.0305226587993952
1578,101,0.0463515093865413,0.305264584351645,4.68150244804067,0.23722,0.4,2000,116,1,115,0.058,0.395667277565217,0.0309907640931839
1578,101,0.0463515093865413,0.305264584351645,4.68150244804067,0.23722,0.6,2000,140,0,140,0.07,0.452911551428571,0.0280072971382025
1578,101,0.0463515093865413,0.305264584351645,4.68150244804067,0.23722,0.8,2000,114,3,111,0.057,0.509116487657658,0.0333678799729956
1600,260,0.0463548761210217,0.304578389754731,12.0522677914656,0.23722,-0.8,2000,260,4,256,0.13,-0.279574968164063,0.0188454005810157
1600,260,0.0463548761210217,0.304578389754731,12.0522677914656,0.23722,-0.6,2000,284,0,284,0.142,-0.195952637323944,0.0196982714024539
1600,260,0.0463548761210217,0.304578389754731,12.0522677914656,0.23722,-0.4,2000,236,1,235,0.118,-0.0762804693191489,0.0212861297361314
1600,260,0.0463548761210217,0.304578389754731,12.0522677914656,0.23722,-0.2,2000,261,0,261,0.1305,0.0316075788505747,0.0193032536227765
1600,260,0.0463548761210217,0.304578389754731,12.0522677914656,0.23722,0,2000,255,1,254,0.1275,0.134641994062992,0.0200390636852294
1600,260,0.0463548761210217,0.304578389754731,12.0522677914656,0.23722,0.2,2000,236,0,236,0.118,0.257181329186441,0.0195689781098764
1600,260,0.0463548761210217,0.304578389754731,12.0522677914656,0.23722,0.4,2000,216,1,215,0.108,0.353036930697674,0.0180782732462422
1600,260,0.0463548761210217,0.304578389754731,12.0522677914656,0.23722,0.6,2000,242,1,241,0.121,0.458946659709544,0.0182907305212579
1600,260,0.0463548761210217,0.304578389754731,12.0522677914656,0.23722,0.8,2000,259,3,256,0.1295,0.576156091875,0.0159114492921242
1657,277,0.0495939767752895,0.532224020438457,13.7375315667552,0.23722,-0.8,2000,315,1,314,0.1575,-0.360758189971338,0.014665716875145
1657,277,0.0495939767752895,0.532224020438457,13.7375315667552,0.23722,-0.6,2000,324,0,324,0.162,-0.263532002592593,0.0150183452914334
1657,277,0.0495939767752895,0.532224020438457,13.7375315667552,0.23722,-0.4,2000,299,0,299,0.1495,-0.149056395692308,0.0150043505810222
1657,277,0.0495939767752895,0.532224020438457,13.7375315667552,0.23722,-0.2,2000,291,0,291,0.1455,-0.021717415824055,0.015188163587863
1657,277,0.0495939767752895,0.532224020438457,13.7375315667552,0.23722,0,2000,260,0,260,0.13,0.122933130576923,0.0170323906874663
1657,277,0.0495939767752895,0.532224020438457,13.7375315667552,0.23722,0.2,2000,271,0,271,0.1355,0.206902933837638,0.0149928334483173
1657,277,0.0495939767752895,0.532224020438457,13.7375315667552,0.23722,0.4,2000,313,0,313,0.1565,0.323844814632588,0.0134270278339977
1657,277,0.0495939767752895,0.532224020438457,13.7375315667552,0.23722,0.6,2000,261,0,261,0.1305,0.444709577777778,0.0147410215230265
1657,277,0.0495939767752895,0.532224020438457,13.7375315667552,0.23722,0.8,2000,293,0,293,0.1465,0.560350025972696,0.0128877342261371
1662,8,0.281352935267447,1.27823604302214,2.25082348213957,0.23722,-0.8,2000,154,11,143,0.077,-0.323720564965035,0.0423139956293586
1662,8,0.281352935267447,1.27823604302214,2.25082348213957,0.23722,-0.6,2000,167,11,156,0.0835,-0.190466683397436,0.035625526510545
1662,8,0.281352935267447,1.27823604302214,2.25082348213957,0.23722,-0.4,2000,181,8,173,0.0905,-0.142570697514451,0.0393210037714995
1662,8,0.281352935267447,1.27823604302214,2.25082348213957,0.23722,-0.2,2000,158,0,158,0.079,0.0731528621518987,0.0401865716191959
1662,8,0.281352935267447,1.27823604302214,2.25082348213957,0.23722,0,2000,165,1,164,0.0825,0.180477319878049,0.0371598683713668
1662,8,0.281352935267447,1.27823604302214,2.25082348213957,0.23722,0.2,2000,158,1,157,0.079,0.288743143757962,0.036929198708343
1662,8,0.281352935267447,1.27823604302214,2.25082348213957,0.23722,0.4,2000,157,2,155,0.0785,0.421911663225806,0.0334132138989063
1662,8,0.281352935267447,1.27823604302214,2.25082348213957,0.23722,0.6,2000,203,6,197,0.1015,0.580174252649746,0.0300220860261359
1662,8,0.281352935267447,1.27823604302214,2.25082348213957,0.23722,0.8,2000,177,11,166,0.0885,0.675273794578313,0.025674255937609
1722,321,0.151931035851125,0.219689120060966,48.7698625082111,0.23722,-0.8,2000,894,57,837,0.447,-0.599299855268817,0.00982318215533353
1722,321,0.151931035851125,0.219689120060966,48.7698625082111,0.23722,-0.6,2000,959,18,941,0.4795,-0.451601484399575,0.00992960675380025
1722,321,0.151931035851125,0.219689120060966,48.7698625082111,0.23722,-0.4,2000,955,3,952,0.4775,-0.286077663560924,0.0100495749578152
1722,321,0.151931035851125,0.219689120060966,48.7698625082111,0.23722,-0.2,2000,968,0,968,0.484,-0.0990968365165289,0.0100751734163709
1722,321,0.151931035851125,0.219689120060966,48.7698625082111,0.23722,0,2000,921,0,921,0.4605,0.0546260320846906,0.01005199348748
1722,321,0.151931035851125,0.219689120060966,48.7698625082111,0.23722,0.2,2000,997,0,997,0.4985,0.260955666254764,0.00930734167426429
1722,321,0.151931035851125,0.219689120060966,48.7698625082111,0.23722,0.4,2000,961,2,959,0.4805,0.424756720980188,0.00842040117670449
1722,321,0.151931035851125,0.219689120060966,48.7698625082111,0.23722,0.6,2000,967,12,955,0.4835,0.575912717204188,0.00849128451037288
1722,321,0.151931035851125,0.219689120060966,48.7698625082111,0.23722,0.8,2000,930,34,896,0.465,0.728980003125,0.00735779025881692
1807,158,0.0463531105885776,0.654494080256431,7.32379147299526,0.23722,-0.8,2000,215,0,215,0.1075,-0.273114519813953,0.0207350793153638
1807,158,0.0463531105885776,0.654494080256431,7.32379147299526,0.23722,-0.6,2000,226,0,226,0.113,-0.217171468274336,0.0193400109656069
1807,158,0.0463531105885776,0.654494080256431,7.32379147299526,0.23722,-0.4,2000,231,0,231,0.1155,-0.0796672877922078,0.0174204066029444
1807,158,0.0463531105885776,0.654494080256431,7.32379147299526,0.23722,-0.2,2000,206,0,206,0.103,0.0190096297572816,0.0199842330660268
1807,158,0.0463531105885776,0.654494080256431,7.32379147299526,0.23722,0,2000,215,0,215,0.1075,0.126389170511628,0.0196721674111425
1807,158,0.0463531105885776,0.654494080256431,7.32379147299526,0.23722,0.2,2000,232,0,232,0.116,0.182873867931034,0.0168522741238415
1807,158,0.0463531105885776,0.654494080256431,7.32379147299526,0.23722,0.4,2000,210,0,210,0.105,0.298905111809524,0.0167848724355138
1807,158,0.0463531105885776,0.654494080256431,7.32379147299526,0.23722,0.6,2000,215,1,214,0.1075,0.399289950728972,0.0182642899452917
1807,158,0.0463531105885776,0.654494080256431,7.32379147299526,0.23722,0.8,2000,223,0,223,0.1115,0.501030059686099,0.0154906073510105
1830,305,0.0463561910178696,0.216559359687974,14.1386382604502,0.23722,-0.8,2000,248,1,247,0.124,-0.25567575054251,0.0204066880493435
1830,305,0.0463561910178696,0.216559359687974,14.1386382604502,0.23722,-0.6,2000,215,0,215,0.1075,-0.136383665302326,0.0245219606042838
1830,305,0.0463561910178696,0.216559359687974,14.1386382604502,0.23722,-0.4,2000,237,0,237,0.1185,-0.0293093397890295,0.0222562331844628
1830,305,0.0463561910178696,0.216559359687974,14.1386382604502,0.23722,-0.2,2000,248,0,248,0.124,0.0296187783467742,0.021033126510812
1830,305,0.0463561910178696,0.216559359687974,14.1386382604502,0.23722,0,2000,262,0,262,0.131,0.145840306030534,0.0197890111509736
1830,305,0.0463561910178696,0.216559359687974,14.1386382604502,0.23722,0.2,2000,230,0,230,0.115,0.276492993173913,0.0201111375683446
1830,305,0.0463561910178696,0.216559359687974,14.1386382604502,0.23722,0.4,2000,244,2,242,0.122,0.391348148099174,0.0195904752350029
1830,305,0.0463561910178696,0.216559359687974,14.1386382604502,0.23722,0.6,2000,245,1,244,0.1225,0.491045197622951,0.0180894792887939
1830,305,0.0463561910178696,0.216559359687974,14.1386382604502,0.23722,0.8,2000,241,3,238,0.1205,0.555222840210084,0.0180737611233609
1884,161,0.144101738332839,0.326940987236083,23.2003798715871,0.23722,-0.8,2000,577,17,560,0.2885,-0.510917524839286,0.0133627727431837
1884,161,0.144101738332839,0.326940987236083,23.2003798715871,0.23722,-0.6,2000,573,7,566,0.2865,-0.326142772579505,0.013713171720259
1884,161,0.144101738332839,0.326940987236083,23.2003798715871,0.23722,-0.4,2000,603,7,596,0.3015,-0.20679696454698,0.0134652489852644
1884,161,0.144101738332839,0.326940987236083,23.2003798715871,0.23722,-0.2,2000,553,1,552,0.2765,-0.0448803318405797,0.0136434199381501
1884,161,0.144101738332839,0.326940987236083,23.2003798715871,0.23722,0,2000,576,0,576,0.288,0.123636833111111,0.0126095628291936
1884,161,0.144101738332839,0.326940987236083,23.2003798715871,0.23722,0.2,2000,578,0,578,0.289,0.260802379705882,0.0129458125306818
1884,161,0.144101738332839,0.326940987236083,23.2003798715871,0.23722,0.4,2000,598,0,598,0.299,0.405859356086957,0.0122638408065191
1884,161,0.144101738332839,0.326940987236083,23.2003798715871,0.23722,0.6,2000,609,4,605,0.3045,0.572792097024793,0.0105226888883906
1884,161,0.144101738332839,0.326940987236083,23.2003798715871,0.23722,0.8,2000,576,22,554,0.288,0.697175840974729,0.010165717635616
1899,178,0.0733066616787298,0.220138580269597,13.0485857788139,0.23722,-0.8,2000,217,3,214,0.1085,-0.240616503443925,0.024965854649127
1899,178,0.0733066616787298,0.220138580269597,13.0485857788139,0.23722,-0.6,2000,196,2,194,0.098,-0.174464686984536,0.0258775232965873
1899,178,0.0733066616787298,0.220138580269597,13.0485857788139,0.23722,-0.4,2000,208,0,208,0.104,-0.0617275482692308,0.0248116353264339
1899,178,0.0733066616787298,0.220138580269597,13.0485857788139,0.23722,-0.2,2000,226,0,226,0.113,0.0610469542477876,0.0235180738032852
1899,178,0.0733066616787298,0.220138580269597,13.0485857788139,0.23722,0,2000,211,0,211,0.1055,0.179819717867299,0.0240696533756587
1899,178,0.0733066616787298,0.220138580269597,13.0485857788139,0.23722,0.2,2000,207,1,206,0.1035,0.320797727902913,0.0217539562903589
1899,178,0.0733066616787298,0.220138580269597,13.0485857788139,0.23722,0.4,2000,241,2,239,0.1205,0.387723554811715,0.0208461035746966
1899,178,0.0733066616787298,0.220138580269597,13.0485857788139,0.23722,0.6,2000,214,3,211,0.107,0.493171372511848,0.0210412379671987
1899,178,0.0733066616787298,0.220138580269597,13.0485857788139,0.23722,0.8,2000,212,5,207,0.106,0.625705315748792,0.0195359693424051
1907,219,0.120384016009047,0.302176062865604,26.3640995059813,0.23722,-0.8,2000,601,17,584,0.3005,-0.508304778648973,0.0126899711043318
1907,219,0.120384016009047,0.302176062865604,26.3640995059813,0.23722,-0.6,2000,599,9,590,0.2995,-0.36012900061017,0.0132442149971353
1907,219,0.120384016009047,0.302176062865604,26.3640995059813,0.23722,-0.4,2000,593,2,591,0.2965,-0.23689893480203,0.0135707329698657
1907,219,0.120384016009047,0.302176062865604,26.3640995059813,0.23722,-0.2,2000,579,0,579,0.2895,-0.0660105081519862,0.0128289910277373
1907,219,0.120384016009047,0.302176062865604,26.3640995059813,0.23722,0,2000,634,0,634,0.317,0.117884244828076,0.0117512086357426
1907,219,0.120384016009047,0.302176062865604,26.3640995059813,0.23722,0.2,2000,527,0,527,0.2635,0.255575020018975,0.0131976141627827
1907,219,0.120384016009047,0.302176062865604,26.3640995059813,0.23722,0.4,2000,596,2,594,0.298,0.387306144914141,0.0119844516206214
1907,219,0.120384016009047,0.302176062865604,26.3640995059813,0.23722,0.6,2000,586,1,585,0.293,0.55783236,0.0114754971852147
1907,219,0.120384016009047,0.302176062865604,26.3640995059813,0.23722,0.8,2000,590,12,578,0.295,0.696177482491349,0.00933843286086048
1967,135,0.140301096436628,0.219328368043965,18.9406480189447,0.23722,-0.8,2000,302,1,301,0.151,-0.34235502833887,0.0199955916773013
1967,135,0.140301096436628,0.219328368043965,18.9406480189447,0.23722,-0.6,2000,303,5,298,0.1515,-0.225390310134228,0.0212385358539319
1967,135,0.140301096436628,0.219328368043965,18.9406480189447,0.23722,-0.4,2000,326,1,325,0.163,-0.0641137974276923,0.0189371197166251
1967,135,0.140301096436628,0.219328368043965,18.9406480189447,0.23722,-0.2,2000,304,0,304,0.152,0.0728604288486842,0.0197999847413192
1967,135,0.140301096436628,0.219328368043965,18.9406480189447,0.23722,0,2000,313,0,313,0.1565,0.16061845485623,0.0198468782248284
1967,135,0.140301096436628,0.219328368043965,18.9406480189447,0.23722,0.2,2000,358,0,358,0.179,0.296914875192737,0.0177892010321063
1967,135,0.140301096436628,0.219328368043965,18.9406480189447,0.23722,0.4,2000,345,1,344,0.1725,0.455751353209302,0.0179009769805259
1967,135,0.140301096436628,0.219328368043965,18.9406480189447,0.23722,0.6,2000,291,7,284,0.1455,0.542114470704225,0.018715971409718
1967,135,0.140301096436628,0.219328368043965,18.9406480189447,0.23722,0.8,2000,331,14,317,0.1655,0.656911750283912,0.0146065266887823
1979,214,0.236379604269609,0.348906320369321,50.5852353136962,0.23722,-0.8,2000,1378,90,1288,0.689,-0.682971291351708,0.00679882265144586
1979,214,0.236379604269609,0.348906320369321,50.5852353136962,0.23722,-0.6,2000,1339,33,1306,0.6695,-0.531331437528101,0.00779788704671234
1979,214,0.236379604269609,0.348906320369321,50.5852353136962,0.23722,-0.4,2000,1374,12,1362,0.687,-0.361991102400881,0.00791069917315007
1979,214,0.236379604269609,0.348906320369321,50.5852353136962,0.23722,-0.2,2000,1399,1,1398,0.6995,-0.162834237355866,0.00805890311561749
1979,214,0.236379604269609,0.348906320369321,50.5852353136962,0.23722,0,2000,1350,2,1348,0.675,0.0272052208202522,0.00754914956050596
1979,214,0.236379604269609,0.348906320369321,50.5852353136962,0.23722,0.2,2000,1332,0,1332,0.666,0.224355247114114,0.00734272011164155
1979,214,0.236379604269609,0.348906320369321,50.5852353136962,0.23722,0.4,2000,1327,1,1326,0.6635,0.396360486066667,0.00708924821922042
1979,214,0.236379604269609,0.348906320369321,50.5852353136962,0.23722,0.6,2000,1345,10,1335,0.6725,0.586467920044944,0.00655789436339851
1979,214,0.236379604269609,0.348906320369321,50.5852353136962,0.23722,0.8,2000,1383,35,1348,0.6915,0.757385604829377,0.0056116453580582
2079,197,0.0463544882367831,0.457214244412586,9.13183418264626,0.23722,-0.8,2000,238,2,236,0.119,-0.277509778635593,0.0195361650962717
2079,197,0.0463544882367831,0.457214244412586,9.13183418264626,0.23722,-0.6,2000,223,0,223,0.1115,-0.197538701434978,0.0215016859531182
2079,197,0.0463544882367831,0.457214244412586,9.13183418264626,0.23722,-0.4,2000,244,0,244,0.122,-0.105785378647541,0.0199314300798302
2079,197,0.0463544882367831,0.457214244412586,9.13183418264626,0.23722,-0.2,2000,226,0,226,0.113,0.0312176276548673,0.0192146317347778
2079,197,0.0463544882367831,0.457214244412586,9.13183418264626,0.23722,0,2000,242,0,242,0.121,0.133360392033058,0.0165010698438858
2079,197,0.0463544882367831,0.457214244412586,9.13183418264626,0.23722,0.2,2000,248,0,248,0.124,0.247328459548387,0.0180029248967161
2079,197,0.0463544882367831,0.457214244412586,9.13183418264626,0.23722,0.4,2000,236,0,236,0.118,0.312202190381356,0.0197119800090773
2079,197,0.0463544882367831,0.457214244412586,9.13183418264626,0.23722,0.6,2000,236,0,236,0.118,0.43153822470339,0.017293008934457
2079,197,0.0463544882367831,0.457214244412586,9.13183418264626,0.23722,0.8,2000,231,0,231,0.1155,0.530016998147186,0.0181960360150433
2129,43,0.127081203593238,0.21916125619402,5.46449175450925,0.23722,-0.8,2000,58,0,58,0.029,-0.0633066120689655,0.0547918230548768
2129,43,0.127081203593238,0.21916125619402,5.46449175450925,0.23722,-0.6,2000,58,1,57,0.029,0.0755720491754386,0.056495265910189
2129,43,0.127081203593238,0.21916125619402,5.46449175450925,0.23722,-0.4,2000,73,0,73,0.0365,0.188275702739726,0.0439561749863839
2129,43,0.127081203593238,0.21916125619402,5.46449175450925,0.23722,-0.2,2000,84,0,84,0.042,0.170533746428571,0.0471662944769626
2129,43,0.127081203593238,0.21916125619402,5.46449175450925,0.23722,0,2000,84,1,83,0.042,0.306426893722892,0.0391145033387592
2129,43,0.127081203593238,0.21916125619402,5.46449175450925,0.23722,0.2,2000,102,0,102,0.051,0.355954275882353,0.0375795738305583
2129,43,0.127081203593238,0.21916125619402,5.46449175450925,0.23722,0.4,2000,73,2,71,0.0365,0.502923035070423,0.0366769454036635
2129,43,0.127081203593238,0.21916125619402,5.46449175450925,0.23722,0.6,2000,88,3,85,0.044,0.545990085882353,0.0398456515247762
2129,43,0.127081203593238,0.21916125619402,5.46449175450925,0.23722,0.8,2000,80,0,80,0.04,0.707389325,0.0320993145017395
2222,358,0.0976736229287204,0.287126436752113,34.9671570084819,0.23722,-0.8,2000,669,17,652,0.3345,-0.536846365751534,0.0113652410207192
2222,358,0.0976736229287204,0.287126436752113,34.9671570084819,0.23722,-0.6,2000,681,6,675,0.3405,-0.399995744988148,0.0114294575925282
2222,358,0.0976736229287204,0.287126436752113,34.9671570084819,0.23722,-0.4,2000,683,3,680,0.3415,-0.229499568882647,0.0110996383664271
2222,358,0.0976736229287204,0.287126436752113,34.9671570084819,0.23722,-0.2,2000,666,0,666,0.333,-0.0764228661636637,0.0112206098750048
2222,358,0.0976736229287204,0.287126436752113,34.9671570084819,0.23722,0,2000,683,0,683,0.3415,0.065065545363104,0.0108199814919662
2222,358,0.0976736229287204,0.287126436752113,34.9671570084819,0.23722,0.2,2000,710,1,709,0.355,0.235994566834979,0.0105061270427589
2222,358,0.0976736229287204,0.287126436752113,34.9671570084819,0.23722,0.4,2000,673,1,672,0.3365,0.404639474037202,0.00997875226116915
2222,358,0.0976736229287204,0.287126436752113,34.9671570084819,0.23722,0.6,2000,657,4,653,0.3285,0.544892033124043,0.00979961386045045
2222,358,0.0976736229287204,0.287126436752113,34.9671570084819,0.23722,0.8,2000,705,10,695,0.3525,0.687361936402878,0.00837028379134622
2246,293,0.0463594840142062,0.367684123298651,13.5833288161624,0.23722,-0.8,2000,305,2,303,0.1525,-0.34458255709571,0.0180513178840305
2246,293,0.0463594840142062,0.367684123298651,13.5833288161624,0.23722,-0.6,2000,299,0,299,0.1495,-0.202212763879599,0.0170237813677368
2246,293,0.0463594840142062,0.367684123298651,13.5833288161624,0.23722,-0.4,2000,280,0,280,0.14,-0.108375358221429,0.0180902670021067
2246,293,0.0463594840142062,0.367684123298651,13.5833288161624,0.23722,-0.2,2000,256,1,255,0.128,-0.013733216627451,0.0182940413303376
2246,293,0.0463594840142062,0.367684123298651,13.5833288161624,0.23722,0,2000,289,0,289,0.1445,0.0982067167754325,0.018384048601994
2246,293,0.0463594840142062,0.367684123298651,13.5833288161624,0.23722,0.2,2000,261,0,261,0.1305,0.241080132735249,0.0177372913835533
2246,293,0.0463594840142062,0.367684123298651,13.5833288161624,0.23722,0.4,2000,302,1,301,0.151,0.335286231561462,0.0152291824899829
2246,293,0.0463594840142062,0.367684123298651,13.5833288161624,0.23722,0.6,2000,293,0,293,0.1465,0.452662491808874,0.0158529508463422
2246,293,0.0463594840142062,0.367684123298651,13.5833288161624,0.23722,0.8,2000,292,0,292,0.146,0.587941968493151,0.0133096644571507
2260,109,0.12566767955723,0.298501067757587,13.6977770717381,0.23722,-0.8,2000,296,5,291,0.148,-0.349253935701031,0.0196035294385544
2260,109,0.12566767955723,0.298501067757587,13.6977770717381,0.23722,-0.6,2000,314,0,314,0.157,-0.213505974649682,0.0208928751311532
2260,109,0.12566767955723,0.298501067757587,13.6977770717381,0.23722,-0.4,2000,318,0,318,0.159,-0.0782026078930818,0.0197922532140361
2260,109,0.12566767955723,0.298501067757587,13.6977770717381,0.23722,-0.2,2000,302,1,301,0.151,0.0088438980730897,0.0204792269487708
2260,109,0.12566767955723,0.298501067757587,13.6977770717381,0.23722,0,2000,292,0,292,0.146,0.210146851650685,0.0206506505666807
2260,109,0.12566767955723,0.298501067757587,13.6977770717381,0.23722,0.2,2000,316,2,314,0.158,0.304357897484076,0.0185338030392947
2260,109,0.12566767955723,0.298501067757587,13.6977770717381,0.23722,0.4,2000,295,1,294,0.1475,0.442983331996599,0.0177996450319219
2260,109,0.12566767955723,0.298501067757587,13.6977770717381,0.23722,0.6,2000,321,8,313,0.1605,0.522125839297125,0.0172679116602478
2260,109,0.12566767955723,0.298501067757587,13.6977770717381,0.23722,0.8,2000,308,8,300,0.154,0.650663735966667,0.0164243210248021
2372,243,0.168007660073752,0.236132465911673,40.8258613979218,0.23722,-0.8,2000,818,35,783,0.409,-0.564525521404853,0.0103280817767165
2372,243,0.168007660073752,0.236132465911673,40.8258613979218,0.23722,-0.6,2000,882,14,868,0.441,-0.407065323207373,0.0106760855283774
2372,243,0.168007660073752,0.236132465911673,40.8258613979218,0.23722,-0.4,2000,854,6,848,0.427,-0.254438319988797,0.0112114029692103
2372,243,0.168007660073752,0.236132465911673,40.8258613979218,0.23722,-0.2,2000,885,2,883,0.4425,-0.0816554240509626,0.010759101514013
2372,243,0.168007660073752,0.236132465911673,40.8258613979218,0.23722,0,2000,841,0,841,0.4205,0.0988316983305589,0.0105811936225634
2372,243,0.168007660073752,0.236132465911673,40.8258613979218,0.23722,0.2,2000,868,1,867,0.434,0.245853247710496,0.0102048961946489
2372,243,0.168007660073752,0.236132465911673,40.8258613979218,0.23722,0.4,2000,820,2,818,0.41,0.425962242602078,0.00993472678483293
2372,243,0.168007660073752,0.236132465911673,40.8258613979218,0.23722,0.6,2000,876,9,867,0.438,0.584285528373702,0.00932342733237012
2372,243,0.168007660073752,0.236132465911673,40.8258613979218,0.23722,0.8,2000,842,26,816,0.421,0.722715181495098,0.00801322485753953
