"locus","K","theta1","theta2","sigma12","r_e","rho_true","n_rep","n_gate_pass","n_paramlim_drop","n_reported","gate_rate","mean_rho_hat","se_rho_hat"
2334,90,0.127607890755997,0.197757457954366,3.58646404079638e-07,0.02756,0,2000,139,0,139,0.0695,0.0264757998561151,0.033612924449077
2334,90,0.127607890755997,0.197757457954366,3.58646404079638e-07,0.02756,0.2,2000,149,0,149,0.0745,0.138323858926174,0.0317909297849867
2334,90,0.127607890755997,0.197757457954366,3.58646404079638e-07,0.02756,0.4,2000,134,0,134,0.067,0.225748960447761,0.0345989844105029
2334,90,0.127607890755997,0.197757457954366,3.58646404079638e-07,0.02756,0.6,2000,163,1,162,0.0815,0.359174281481482,0.0316278902920924
2334,90,0.127607890755997,0.197757457954366,3.58646404079638e-07,0.02756,0.8,2000,157,3,154,0.0785,0.480008942727273,0.0270833357083303
391,142,0.117404903121102,0.169032710725,3.56111671435021e-07,0.02756,0,2000,182,0,182,0.091,0.0347201841208791,0.0283543316343567
391,142,0.117404903121102,0.169032710725,3.56111671435021e-07,0.02756,0.2,2000,187,0,187,0.0935,0.164390055668449,0.0270803083441484
391,142,0.117404903121102,0.169032710725,3.56111671435021e-07,0.02756,0.4,2000,198,2,196,0.099,0.291172826479592,0.026310576917376
391,142,0.117404903121102,0.169032710725,3.56111671435021e-07,0.02756,0.6,2000,215,4,211,0.1075,0.393852603611374,0.0239128519596047
391,142,0.117404903121102,0.169032710725,3.56111671435021e-07,0.02756,0.8,2000,183,3,180,0.0915,0.437982724555556,0.0252710297295801
18,155,0.0463519873452297,0.155648178494352,3.54866499773975e-07,0.02756,0,2000,84,0,84,0.042,0.0835483926190476,0.0432167629162344
18,155,0.0463519873452297,0.155648178494352,3.54866499773975e-07,0.02756,0.2,2000,95,0,95,0.0475,0.108375740842105,0.039750832036742
18,155,0.0463519873452297,0.155648178494352,3.54866499773975e-07,0.02756,0.4,2000,87,0,87,0.0435,0.198873925862069,0.0385682399750205
18,155,0.0463519873452297,0.155648178494352,3.54866499773975e-07,0.02756,0.6,2000,80,2,78,0.04,0.250402233461538,0.0392352997592801
18,155,0.0463519873452297,0.155648178494352,3.54866499773975e-07,0.02756,0.8,2000,84,0,84,0.042,0.359237267619048,0.0413423330565954
708,166,0.136031261799447,0.149512843214603,3.56044145754991e-07,0.02756,0,2000,240,0,240,0.12,0.00322705108333334,0.0227271386229999
708,166,0.136031261799447,0.149512843214603,3.56044145754991e-07,0.02756,0.2,2000,247,0,247,0.1235,0.156960827489879,0.024008471378322
708,166,0.136031261799447,0.149512843214603,3.56044145754991e-07,0.02756,0.4,2000,236,1,235,0.118,0.265978448595745,0.0238254758560624
708,166,0.136031261799447,0.149512843214603,3.56044145754991e-07,0.02756,0.6,2000,235,0,235,0.1175,0.387355318425532,0.0227050029900088
708,166,0.136031261799447,0.149512843214603,3.56044145754991e-07,0.02756,0.8,2000,250,7,243,0.125,0.496020988024691,0.0218921405007585
1384,191,0.130898403207529,0.232534246434464,3.55146786821603e-07,0.02756,0,2000,474,0,474,0.237,0.0242714736434599,0.016405953752494
1384,191,0.130898403207529,0.232534246434464,3.55146786821603e-07,0.02756,0.2,2000,471,0,471,0.2355,0.188839055414013,0.0153556386209316
1384,191,0.130898403207529,0.232534246434464,3.55146786821603e-07,0.02756,0.4,2000,463,5,458,0.2315,0.337674281965065,0.0161620389013616
1384,191,0.130898403207529,0.232534246434464,3.55146786821603e-07,0.02756,0.6,2000,467,7,460,0.2335,0.446531734152174,0.0164847717897231
1384,191,0.130898403207529,0.232534246434464,3.55146786821603e-07,0.02756,0.8,2000,483,17,466,0.2415,0.564136784206009,0.0136082872881421
2418,196,0.113852175377829,0.159186977050365,3.56266045757924e-07,0.02756,0,2000,263,0,263,0.1315,0.00283179923954373,0.0219046788840262
2418,196,0.113852175377829,0.159186977050365,3.56266045757924e-07,0.02756,0.2,2000,266,0,266,0.133,0.161935872638722,0.0201924305357348
2418,196,0.113852175377829,0.159186977050365,3.56266045757924e-07,0.02756,0.4,2000,257,4,253,0.1285,0.261713090747036,0.0212486112925836
2418,196,0.113852175377829,0.159186977050365,3.56266045757924e-07,0.02756,0.6,2000,278,3,275,0.139,0.423763088727273,0.0215018312463926
2418,196,0.113852175377829,0.159186977050365,3.56266045757924e-07,0.02756,0.8,2000,268,7,261,0.134,0.531682020498084,0.0191305012337125
910,201,0.0463526325852089,0.325478355637977,3.55526518814828e-07,0.02756,0,2000,204,1,203,0.102,0.0062239515270936,0.0231287657552205
910,201,0.0463526325852089,0.325478355637977,3.55526518814828e-07,0.02756,0.2,2000,197,0,197,0.0985,0.074529592893401,0.0234858931629291
910,201,0.0463526325852089,0.325478355637977,3.55526518814828e-07,0.02756,0.4,2000,204,1,203,0.102,0.209605649852217,0.0226990442501764
910,201,0.0463526325852089,0.325478355637977,3.55526518814828e-07,0.02756,0.6,2000,198,1,197,0.099,0.35923349928934,0.0234156007966721
910,201,0.0463526325852089,0.325478355637977,3.55526518814828e-07,0.02756,0.8,2000,198,0,198,0.099,0.399319647530303,0.0228579160697694
1459,213,0.046356168170456,0.246072933970217,3.55200949165435e-07,0.02756,0,2000,163,0,163,0.0815,-0.0192671259509202,0.0251963421661641
1459,213,0.046356168170456,0.246072933970217,3.55200949165435e-07,0.02756,0.2,2000,184,0,184,0.092,0.135103905190217,0.0251054957351453
1459,213,0.046356168170456,0.246072933970217,3.55200949165435e-07,0.02756,0.4,2000,178,0,178,0.089,0.258003398033708,0.0252997404313971
1459,213,0.046356168170456,0.246072933970217,3.55200949165435e-07,0.02756,0.6,2000,166,1,165,0.083,0.322175619636364,0.0265431046589016
1459,213,0.046356168170456,0.246072933970217,3.55200949165435e-07,0.02756,0.8,2000,203,2,201,0.1015,0.401873889651741,0.024226493812087
646,218,0.0852940519589531,0.1501659320664,3.56482703338776e-07,0.02756,0,2000,206,0,206,0.103,0.035127622184466,0.0266927837901982
646,218,0.0852940519589531,0.1501659320664,3.56482703338776e-07,0.02756,0.2,2000,203,1,202,0.1015,0.136289347326733,0.0257513994256748
646,218,0.0852940519589531,0.1501659320664,3.56482703338776e-07,0.02756,0.4,2000,192,1,191,0.096,0.265704426439791,0.0269304495739125
646,218,0.0852940519589531,0.1501659320664,3.56482703338776e-07,0.02756,0.6,2000,201,0,201,0.1005,0.387864405970149,0.0227388986075459
646,218,0.0852940519589531,0.1501659320664,3.56482703338776e-07,0.02756,0.8,2000,186,6,180,0.093,0.408578772222222,0.0238433639207705
996,225,0.0628707589205395,0.196007637504177,3.56448409053405e-07,0.02756,0,2000,189,2,187,0.0945,0.040035421657754,0.025657368395834
996,225,0.0628707589205395,0.196007637504177,3.56448409053405e-07,0.02756,0.2,2000,200,0,200,0.1,0.11405841906,0.0239633855370788
996,225,0.0628707589205395,0.196007637504177,3.56448409053405e-07,0.02756,0.4,2000,198,0,198,0.099,0.298561869747475,0.0247438280189389
996,225,0.0628707589205395,0.196007637504177,3.56448409053405e-07,0.02756,0.6,2000,214,2,212,0.107,0.313695610990566,0.0247524107921479
996,225,0.0628707589205395,0.196007637504177,3.56448409053405e-07,0.02756,0.8,2000,215,2,213,0.1075,0.466747758732394,0.0208328188242119
643,240,0.0806630249895603,0.353145769683239,3.55358413337362e-07,0.02756,0,2000,436,0,436,0.218,0.0257084583256881,0.0149095579882686
643,240,0.0806630249895603,0.353145769683239,3.55358413337362e-07,0.02756,0.2,2000,434,0,434,0.217,0.159187293133641,0.0148045438972492
643,240,0.0806630249895603,0.353145769683239,3.55358413337362e-07,0.02756,0.4,2000,421,3,418,0.2105,0.285396198677033,0.0143595344762767
643,240,0.0806630249895603,0.353145769683239,3.55358413337362e-07,0.02756,0.6,2000,413,6,407,0.2065,0.443191278427518,0.0143771225078472
643,240,0.0806630249895603,0.353145769683239,3.55358413337362e-07,0.02756,0.8,2000,403,6,397,0.2015,0.541329461989924,0.0138264348701972
1298,251,0.132714029537605,0.347834442394184,3.55915930578354e-07,0.02756,0,2000,804,0,804,0.402,-0.000774424353233831,0.0103547162650024
1298,251,0.132714029537605,0.347834442394184,3.55915930578354e-07,0.02756,0.2,2000,806,0,806,0.403,0.161493675041563,0.010407811311036
1298,251,0.132714029537605,0.347834442394184,3.55915930578354e-07,0.02756,0.4,2000,834,3,831,0.417,0.358960016894104,0.010168650278717
1298,251,0.132714029537605,0.347834442394184,3.55915930578354e-07,0.02756,0.6,2000,783,7,776,0.3915,0.509247118590206,0.00991808522939873
1298,251,0.132714029537605,0.347834442394184,3.55915930578354e-07,0.02756,0.8,2000,820,26,794,0.41,0.631488067112091,0.00939162229165118
379,271,0.0463499713008753,0.731159421330916,3.56674485485474e-07,0.02756,0,2000,263,0,263,0.1315,0.0156929576425856,0.0143896674972399
379,271,0.0463499713008753,0.731159421330916,3.56674485485474e-07,0.02756,0.2,2000,268,0,268,0.134,0.132328872977612,0.0134328056424504
379,271,0.0463499713008753,0.731159421330916,3.56674485485474e-07,0.02756,0.4,2000,274,0,274,0.137,0.232209551824818,0.0139661061837976
379,271,0.0463499713008753,0.731159421330916,3.56674485485474e-07,0.02756,0.6,2000,258,0,258,0.129,0.355795654844961,0.0144882077841506
379,271,0.0463499713008753,0.731159421330916,3.56674485485474e-07,0.02756,0.8,2000,292,0,292,0.146,0.469073341438356,0.0130473775197284
1971,275,0.0463563281093442,0.299667075416603,3.55468309012433e-07,0.02756,0,2000,246,0,246,0.123,0.0100557427235772,0.0198268925087034
1971,275,0.0463563281093442,0.299667075416603,3.55468309012433e-07,0.02756,0.2,2000,273,0,273,0.1365,0.156022106556777,0.0190501965160365
1971,275,0.0463563281093442,0.299667075416603,3.55468309012433e-07,0.02756,0.4,2000,246,1,245,0.123,0.219373242367347,0.021265331284194
1971,275,0.0463563281093442,0.299667075416603,3.55468309012433e-07,0.02756,0.6,2000,261,0,261,0.1305,0.337819279731801,0.0192396952602479
1971,275,0.0463563281093442,0.299667075416603,3.55468309012433e-07,0.02756,0.8,2000,260,4,256,0.13,0.449151428117188,0.0191571086297961
2361,331,0.0463520771189393,0.129476048565991,3.55754084148553e-07,0.02756,0,2000,131,0,131,0.0655,0.00413671152671756,0.0314948709816887
2361,331,0.0463520771189393,0.129476048565991,3.55754084148553e-07,0.02756,0.2,2000,143,0,143,0.0715,0.132515423566434,0.0293126689167042
2361,331,0.0463520771189393,0.129476048565991,3.55754084148553e-07,0.02756,0.4,2000,142,0,142,0.071,0.258577854647887,0.0281541121751263
2361,331,0.0463520771189393,0.129476048565991,3.55754084148553e-07,0.02756,0.6,2000,149,0,149,0.0745,0.330566606375839,0.0307513037917696
2361,331,0.0463520771189393,0.129476048565991,3.55754084148553e-07,0.02756,0.8,2000,143,3,140,0.0715,0.353019601214286,0.0294949603376812
1552,378,0.0478618905052237,0.129754957549303,3.55313987613178e-07,0.02756,0,2000,141,0,141,0.0705,0.0920075871631206,0.029628865324955
1552,378,0.0478618905052237,0.129754957549303,3.55313987613178e-07,0.02756,0.2,2000,159,0,159,0.0795,0.161536511823899,0.0264960697363564
1552,378,0.0478618905052237,0.129754957549303,3.55313987613178e-07,0.02756,0.4,2000,164,1,163,0.082,0.200183008773006,0.0280738240955447
1552,378,0.0478618905052237,0.129754957549303,3.55313987613178e-07,0.02756,0.6,2000,148,0,148,0.074,0.311026494087838,0.0273861355177157
1552,378,0.0478618905052237,0.129754957549303,3.55313987613178e-07,0.02756,0.8,2000,166,1,165,0.083,0.382801522424242,0.025733017520435
1230,382,0.046349048041453,0.129470115604972,3.55773860243753e-07,0.02756,0,2000,156,0,156,0.078,-0.034175043974359,0.0271034965743149
1230,382,0.046349048041453,0.129470115604972,3.55773860243753e-07,0.02756,0.2,2000,164,0,164,0.082,0.123718812134146,0.0286805229454705
1230,382,0.046349048041453,0.129470115604972,3.55773860243753e-07,0.02756,0.4,2000,178,1,177,0.089,0.241571435875706,0.0279321093474478
1230,382,0.046349048041453,0.129470115604972,3.55773860243753e-07,0.02756,0.6,2000,162,2,160,0.081,0.27899207475,0.0276230062411141
1230,382,0.046349048041453,0.129470115604972,3.55773860243753e-07,0.02756,0.8,2000,173,3,170,0.0865,0.412277577941176,0.0254308493245336
1965,451,0.0463642964999867,0.307976322468721,3.54724592566298e-07,0.02756,0,2000,335,0,335,0.1675,0.00227004217910448,0.0149674137612445
1965,451,0.0463642964999867,0.307976322468721,3.54724592566298e-07,0.02756,0.2,2000,338,0,338,0.169,0.12821592183432,0.0149295915937399
1965,451,0.0463642964999867,0.307976322468721,3.54724592566298e-07,0.02756,0.4,2000,368,0,368,0.184,0.271664974804348,0.0151514774220767
1965,451,0.0463642964999867,0.307976322468721,3.54724592566298e-07,0.02756,0.6,2000,338,0,338,0.169,0.354527764497041,0.0148625956423054
1965,451,0.0463642964999867,0.307976322468721,3.54724592566298e-07,0.02756,0.8,2000,331,3,328,0.1655,0.473836887591463,0.0143628071081995
