"locus","K","outcome","dropped_pheno","theta1","theta2","lambda_min"
3,189,"usable",NA,0.148522734558146,0.306831393046587,28.0707968314895
10,261,"usable",NA,0.157731177910934,0.240141438965071,41.1678374347537
22,218,"channel2_phenotype_dropped","ASD",NA,NA,NA
41,270,"channel2_phenotype_dropped","SCZ",NA,NA,NA
42,179,"channel2_phenotype_dropped","ASD",NA,NA,NA
94,230,"channel2_phenotype_dropped","ASD",NA,NA,NA
103,276,"channel2_phenotype_dropped","ASD",NA,NA,NA
190,305,"usable",NA,0.0463513332135739,0.33556203509209,14.13715663014
198,323,"channel2_phenotype_dropped","ASD",NA,NA,NA
199,279,"channel2_phenotype_dropped","ASD",NA,NA,NA
203,216,"channel2_phenotype_dropped","SCZ",NA,NA,NA
212,256,"channel2_phenotype_dropped","ASD",NA,NA,NA
216,243,"channel2_phenotype_dropped","ASD",NA,NA,NA
224,366,"usable",NA,0.0500604927778245,0.129924844192019,18.3221403566838
232,319,"usable",NA,0.046349152568261,0.129375352532617,14.7853796692753
241,247,"channel2_phenotype_dropped","ASD",NA,NA,NA
280,271,"channel2_phenotype_dropped","ASD",NA,NA,NA
303,221,"channel2_phenotype_dropped","ASD",NA,NA,NA
354,126,"usable",NA,0.103779679673862,0.140820059055574,13.0762396389066
369,195,"usable",NA,0.190350005963255,0.586266872354187,37.1182511628348
383,584,"usable",NA,0.1039620797188,0.179756939803765,60.713854555779
384,237,"channel2_phenotype_dropped","ASD",NA,NA,NA
428,396,"channel2_phenotype_dropped","ASD",NA,NA,NA
442,354,"channel2_phenotype_dropped","ASD",NA,NA,NA
466,423,"usable",NA,0.194587858954891,0.454158015253442,82.310664337919
502,100,"channel2_phenotype_dropped","ASD",NA,NA,NA
555,291,"channel2_phenotype_dropped","ASD",NA,NA,NA
599,321,"channel2_phenotype_dropped","ASD",NA,NA,NA
616,452,"channel2_phenotype_dropped","ASD",NA,NA,NA
626,151,"channel2_phenotype_dropped","ASD",NA,NA,NA
667,234,"usable",NA,0.0711537398834298,0.128650073737763,16.6499751327226
696,211,"channel2_phenotype_dropped","ASD",NA,NA,NA
698,424,"usable",NA,0.0603858206642543,0.16321496442867,25.6035879616438
712,146,"usable",NA,0.0463523935886437,0.357520537427849,6.76744946394197
723,253,"channel2_phenotype_dropped","ASD",NA,NA,NA
738,379,"channel2_phenotype_dropped","ASD",NA,NA,NA
748,285,"channel2_phenotype_dropped","ASD",NA,NA,NA
751,246,"usable",NA,0.046354473912475,0.16901193259906,11.4032005824689
762,170,"channel2_phenotype_dropped","ASD",NA,NA,NA
777,501,"channel2_phenotype_dropped","ASD",NA,NA,NA
781,418,"usable",NA,0.0912743752842091,0.129538385288059,38.1526888687994
795,153,"channel2_phenotype_dropped","ASD",NA,NA,NA
848,182,"usable",NA,0.0706475477570007,0.668720756216221,12.8578536917741
851,204,"channel2_phenotype_dropped","ASD",NA,NA,NA
852,350,"usable",NA,0.0657045630470269,0.38333905017696,22.9965970664594
875,277,"channel2_phenotype_dropped","ASD",NA,NA,NA
891,365,"channel2_phenotype_dropped","ASD",NA,NA,NA
901,175,"channel2_phenotype_dropped","ASD",NA,NA,NA
917,396,"usable",NA,0.0463653587330179,0.282603112965309,18.3606820582751
922,302,"channel2_phenotype_dropped","ASD",NA,NA,NA
942,133,"usable",NA,0.0621836193157562,0.43695474944089,8.27042136899557
981,267,"channel2_phenotype_dropped","ASD",NA,NA,NA
1027,177,"channel2_phenotype_dropped","ASD",NA,NA,NA
1064,239,"usable",NA,0.116917352394963,0.202479019257354,27.9432472223962
1102,86,"channel2_phenotype_dropped","ASD",NA,NA,NA
1103,297,"channel2_phenotype_dropped","SCZ",NA,NA,NA
1106,234,"channel2_phenotype_dropped","ASD",NA,NA,NA
1165,315,"usable",NA,0.04635171416248,0.337387143633092,14.6007899611812
1169,351,"usable",NA,0.0463608702900442,0.260194134571443,16.2726654718055
1193,318,"usable",NA,0.046359522489839,0.263622655666682,14.7423281517688
1209,471,"channel2_phenotype_dropped","ASD",NA,NA,NA
1222,288,"channel2_phenotype_dropped","ASD",NA,NA,NA
1223,296,"channel2_phenotype_dropped","ASD",NA,NA,NA
1233,280,"usable",NA,0.0497608324329886,0.391553930366922,13.9330330812368
1245,214,"usable",NA,0.0868299917572652,0.287639058541084,18.5816182360548
1249,331,"usable",NA,0.0672239094643332,0.287358367543628,22.2511140326943
1278,118,"channel2_phenotype_dropped","ASD",NA,NA,NA
1279,243,"channel2_phenotype_dropped","ASD",NA,NA,NA
1336,202,"usable",NA,0.127071395197214,0.165659785632123,25.6684218298372
1342,110,"usable",NA,0.193229262356761,0.171911202752993,18.9102323028292
1364,275,"channel2_phenotype_dropped","ASD",NA,NA,NA
1522,441,"channel2_phenotype_dropped","ASD",NA,NA,NA
1527,35,"channel2_phenotype_dropped","ASD",NA,NA,NA
1536,312,"channel2_phenotype_dropped","ASD",NA,NA,NA
1545,256,"usable",NA,0.16793301954091,0.696995188692988,42.9908530024728
1557,329,"channel2_phenotype_dropped","ASD",NA,NA,NA
1572,225,"channel2_phenotype_dropped","ASD",NA,NA,NA
1573,301,"usable",NA,0.0463553597303474,0.191898336508664,13.9529632788346
1585,186,"channel2_phenotype_dropped","ASD",NA,NA,NA
1588,259,"channel2_phenotype_dropped","ASD",NA,NA,NA
1602,381,"usable",NA,0.0584632325030561,0.212751362747471,22.2744915836644
1623,374,"channel2_phenotype_dropped","ASD",NA,NA,NA
1642,190,"channel2_phenotype_dropped","ASD",NA,NA,NA
1664,39,"usable",NA,0.0463490796903909,0.537913903547233,1.80761410792524
1689,199,"usable",NA,0.0490347091457012,0.320946056457017,9.75790711999453
1714,265,"channel2_phenotype_dropped","ASD",NA,NA,NA
1718,335,"channel2_phenotype_dropped","ASD",NA,NA,NA
1720,274,"usable",NA,0.046354672344744,0.233417317944111,12.7011802224599
1767,195,"channel2_phenotype_dropped","ASD",NA,NA,NA
1789,156,"channel2_phenotype_dropped","ASD",NA,NA,NA
1790,412,"channel2_phenotype_dropped","ASD",NA,NA,NA
1817,97,"channel2_phenotype_dropped","ASD",NA,NA,NA
1818,139,"usable",NA,0.0463494754290321,0.192767725064503,6.44257708463546
1850,251,"usable",NA,0.0463517221242328,0.394151205652099,11.6342822531824
1894,359,"channel2_phenotype_dropped","ASD",NA,NA,NA
1921,166,"usable",NA,0.108674490417491,0.327781909696835,18.0399654093035
1925,135,"channel2_phenotype_dropped","ASD",NA,NA,NA
1962,264,"channel2_phenotype_dropped","ASD",NA,NA,NA
2073,344,"usable",NA,0.0463647434479125,0.167186138195807,15.9494717460819
2081,404,"usable",NA,0.0463603061561819,0.29927903367132,18.7295636870975
2085,170,"channel2_phenotype_dropped","ASD",NA,NA,NA
2110,337,"channel2_phenotype_dropped","ASD",NA,NA,NA
2113,207,"usable",NA,0.0914717357645482,0.380967499806819,18.9346493032615
2117,389,"usable",NA,0.143272993662809,0.443630896224679,55.7331945348327
2138,463,"channel2_phenotype_dropped","ASD",NA,NA,NA
2162,521,"channel2_phenotype_dropped","ASD",NA,NA,NA
2173,326,"channel2_phenotype_dropped","ASD",NA,NA,NA
2208,158,"channel2_phenotype_dropped","ASD",NA,NA,NA
2222,436,"usable",NA,0.0981310254022627,0.176914966340279,42.7851270753865
2232,472,"channel2_phenotype_dropped","ASD",NA,NA,NA
2290,209,"channel2_phenotype_dropped","ASD",NA,NA,NA
2328,162,"usable",NA,0.0463541927234685,0.29882893745814,7.5093792212019
2367,356,"channel2_phenotype_dropped","ASD",NA,NA,NA
2370,369,"usable",NA,0.070576716996633,0.12985508770955,26.0428085717576
2371,344,"channel2_phenotype_dropped","ASD",NA,NA,NA
2400,308,"usable",NA,0.0463765865879553,0.216887911260009,14.2839886690902
2407,285,"channel2_phenotype_dropped","ASD",NA,NA,NA
2411,222,"usable",NA,0.0463538174187949,0.253636351931727,10.2905474669725
2446,225,"usable",NA,0.0658050757480766,0.302318577758738,14.8061420433172
